College Name,Address,District,Website,Email address,Contact Number,TPO name,TPO contact number
"Government College of Engineering, Amravati","VMV Road, Near Kathora Naka,  Amravati",Amravati,www.gcoea.ac.in,principal@gcoea.ac.in,2531930,P. P. Bhatkar,2531929
"Government Engineering College, Yavatmal","Post Box N. 24, Dhamangaon Road, Yavatmal ",Yavatmal,www.gpyavatmal.edu.in,office.gpyavatmal@dtemaharashtra.gov.in,7232238,Mahejabin M. Mujawar,7232243
"Shri Sant Gajanan Maharaj College of Engineering,Shegaon","S.S.G.M.C.E Campus, Khamgaon Road, Shegaon Dist. Buldhana",Buldhana,www.ssgmce.org,principal@ssgmce.ac.in,252216,PROF. A.V. PATIL,8669638081
"Prof. Ram Meghe Institute of Technology & Research, Amravati","Anjangaon Bari Road, Badnera,  Amravati",Amravati,www.mitra.ac.in,principal@mitra.ac.in,2681246,Mr. R. V. Adwanikar,2681246
"Sipna Shikshan Prasarak Mandal College of Engineering & Technology, Amravati","Sipna campus, Infront of Nemani Godown, Badnera Rd., Amravati",Amravati,www.sipnaengg.ac.in,sipnaoffice@gmail.com,2522343,Shyamsundar Bhojraj Gupta,2522342
"Shri Shivaji Education Society's College of Engineering and Technology, Akola","Babhulgaon(Jn), Murtizapur Road, National Highway No. 6, Akola",Akola,www.coeta.ac.in,principalcoeta@gmail.com,2456688,Mr. N. B. Gawande,2259069
"Janata Shikshan Prasarak Mandal’s Babasaheb Naik College Of Engineering, Pusad","Kalra Road, Pusad  Dist Yavatmal ",Yavatmal,www.bncoepusad.ac.in,principal@bncoepusad.ac.in,245229,---,245229
"Paramhansa Ramkrishna Maunibaba Shikshan Santha's , Anuradha Engineering College, Chikhali","Anuradhha Nagar, Sakegaon Road, Chikhali Dist. Buldhana ",Buldhana,www.aecc.ac.in,annprincipal55@gmail.com,242580,Prof. Vijay D.Gurudasani,242063
"Jawaharlal Darda Institute of Engineering and Technology, Yavatmal","MIDC, Lohara, Amaravati Road, Yavatmal",Yavatmal,www.jdiet.ac.in,jdiet_yml@bsnl.in,7447797963,Avinash Navghare,7447797962
"Shri Hanuman Vyayam  Prasarak Mandals College of Engineering & Technology, Amravati","Hanuman Vyayam Nagar, H.V.P.M. Campus, Amravati",Amravati,www.hvpmcoet.in,principal@hvpmcoet.in,2563422,Mr. S.V.Dhole,2563422
"Dr. Bhausaheb Nadurkar College of Engineering, Waghapur,Yavatmal","Shri Saty Sai Krida Nagari, Waghapur Road, Yavatmal",Yavatmal,www.dbncoet.ac.in,dbncoetytl@gmail.com,246166,Prof. Ravi V. Nadimpalli,246162
"G.H. Raisoni college of Engineering & Management, Amravati","Anjangaon, Bari Road, Amravati",Amravati,ghrcema.raisoni.net,vijay.rathod@raisoni.net,2385429,Dr. Anand Deshpande,2385432
"Dwarka Bahu Uddeshiya Gramin Vikas Foundation, Rajarshri Shahu College of Engineering, Buldhana","Rajarshi Shahu Nagar, Near Palna Ghar, Sagwan Road,  Buldhana ",Buldhana,www.rsce.ac.in,rsc_engg@rediffmail.com,242080,Adv. Ms. Kirti Sawale,287167
"Jagadambha Bahuuddeshiya Gramin Vikas Sanstha's Jagdambha College of Engineering and Technology, Yavatmal","Sr. No.167/1,167/2 &163/,Arni Road, Mauza-Kinhi,Tal & Dist-Yavatmal",Yavatmal,www.jcoet.org,principal@jcoet.org,244226,Hemant M Baradkar,244226
"Prof Ram Meghe College of Engineering  and Management, Badnera","New Express Highway, Badnera Dist. Amravati",Amravati,www.prmceam.ac.in,principal@prmceam.ac.in,2578385,Mr. Sagar J Chandak,2580373
"Dhamangaon Education Society's College of Engineering and Technology, Dhamangaon","Knowledge Hub, Anjansingi Road, Dhamangaon RlY. Station, Amravati",Amravati,www.descoet.org,desdcoet@rediffmail.com,237335,Prof. Rajkumar Yadav,237335
"P. R. Pote Patil Institute of Engineering & Research, At  Kathora, Amravati ","Kathora Road, Pote Estate, Mu. Kathora Ta. Dist Amravati",Amravati,www.prppier.ac.in,prpatilengineering@gmail.com,2970111,Kishor Deshmukh,2970408
"Sanmati Engineering College, Sawargaon Barde, Washim","Survey no. 40, Washim-Malegaon Road, At. Post  Sawargaon Barde Dist. Washim ",Washim,www.sanmati.in,engineering@sanmati.in,233090,Vikas Joshi,234302
"Padmashri Dr. V.B.  Kolte College of Engineering, Malkapur, Buldhana","Malkapur, Dist. Buldhana",Buldhana,www.coemalkapur.ac.in,coemalkapur@rediffmail.com,224943,Mr. Ramakant Rane,226700
"Mauli Group of Institutions, College of Engineering and Technology, Shegaon.","Khamgaon Road, Shegaon Dist. Buldhana",Buldhana,www.mauligroup.org,maulicoet@gmail.com,7722027506,Mr. S. S. Badhe,7722027506
"Harikisan Maloo Institute Of Management & Technology, Amravati","Opp. Deshmukh Lawns, Shegaaon Rahatgaon Road, Amravati. ",Amravati,www.maloogroup.org,hcminstmngtech@gmail.com,90968111,Dr. Ashish R. maloo,2970119
"Pratap Institute of Management & Technology, Washim.","Gat No. 89 & 90, Mauza Walki, Risod Road, Washim",Washim,www.pimtwashim.org,pimt.washim@gmail.com,288919,Shriram Wamanrao Khope,288919
"Siddhivinayak Technical Campus, School of Engineering & Research Technology, Shirasgon, Nile ","Gat No.133,134 & 140, Shegaon Khamgaon Road, Shirasgaon, Nile, Tal. Shegaon",Buldhana,www.stc.org.in,admn.stc@gmail.com,220333,Prof. Umesh Kute,220222
"Manav School of Engineering & Technology, Gut No. 1035 Nagpur Surat Highway, NH No. 6 Tal.Vyala, Balapur, Akola,  444302","Gut No.1035, Surat Nagpur Highway Vyala, Tal.Balapur, Akola",Akola,www.manavengineering.ac.in,principal@manavengineering.ac.in,238406,Santosh Kale,238406
"Let.Dr.D.B.Dod College of Engineering, Jambla,Achalpur","Sr.No.32/4 , Mauja Jambla, Anjangaon Road, Paratwada Tal. Achalpur Dist. Amravati",Amravati,www.dbdcoe.org,drdbdod@rediffmail.com,9970931278,Jayashree R. Talokar,225503
"Government College of Engineering,  Aurangabad","Station Road, Osmanpura,  Aurangabad",Aurangabad,www.geca.ac.in,principalgeca@yahoo.com,2366111,Rasal Shivaji Bhagwan,2366111
"Shri Guru Gobind Singhji Institute of Engineering and Technology, Nanded","Vishnupuri, Nanded",Nanded,www.sggs.ac.in,director@sggs.ac.in,229234,Mr. S. M. Nilangekar,229234
"University Department of Chemical Technology, Aurangabad","Dr. Babasaheb Ambedkar Marathwada University Campus, Aurangabad",Aurangabad,www.bamu.net,udctaurangabad@yahoo.co.in,2403307,Dr. Ganesh R. Manza,2403308
"Shree Yash Pratishthan, Shreeyash College of Engineering and Technology, Aurangabad","Gut No. 258 (P), Satara Tanda, Tal & Dist. Aurangabad",Aurangabad,www.syp.ac.in,sycet@yahoo.com,6608702,N.S.Saraf ,6608701
"G. S. Mandal's Maharashtra Institute of Technology, Aurangabad","N.H. No. 211,Beed bypass Road, Satara, Aurangabad",Aurangabad,www.mit.asia,spbhosle2001@gmail.com,2375222,Prof.Makarand Suresh Vaishnav,2375222
"Deogiri Institute of Engineering and Management Studies, Aurangabad","Deogiri College Campus, Railway Station Road, Aurangabad",Aurangabad,www.dietms.org,shiurkar@gmail.com,2367567,G. N.Tambe ,2367575
"Shree Sharda Bhavan Education Society's Institute of Technology & Management, Nanded","Yashwant College Campus, VIP Road Nanded,(MS) 431602",Nanded,www.ssbesitm.org,ssbesitm@yahoo.com,253471,S.B.HAMBARDE,254850
"Dnyanopasak Shikshan Mandal's Institute of Information Technology & Management, Parbhani.","C/o. Dnyanopasak College of  Arts, Commeres  & Science, Near Zilla Parishad, Jintur Road, Parbhani  431401",Parbhani,www.dsmiitm.com,gopal.hoge@gmail.com,293044,sandip bhagwanrao panchange,293044
"S.V.S.P. Mandal's Swami Vivekanand Institute of Technology and Mangement ,Udgir","Avalkonda Road, Udgir, Dist. Latur.   413517",Latur,www.svspm.edu.in,svitm934@gmail.com,253970,Datta Gharge,253970
"Gramodyogik Shikshan Mandal's Marathwada Institute of Technology, Aurangabad","P.B.-327, Satara Village Rd.,  off Beed By-Pass Highway ,Aurangabad",Aurangabad,www.mit.asia,principal.mite@mit.asia,2375111,SHRI. SURENDRA R. PATIL,2375375
"Mahatma Gandhi Missions College of Engineering, Hingoli Rd, Nanded.","Near Airport,Hingoli Road, Nanded",Nanded,www.mgmcen.ac.in,mgmcen@mgmcen.ac.in,224087,Mrs.  Amruta A. Sarsar ,222999
"M.S. Bidve Engineering College, Latur","P.O. Box No. 112, Barshi Road, Latur",Latur,www.msbecl.ac.in,principal@msbecl.ac.in,221846,MRS. BAWAGE V.V.,221255
"Shree Tuljabhavani College of Engineering, Tuljapur","Naldurg Road, Tuljapur, Dist. Osmanabad",Osmanabad,www.stbcet.org.in,stbcet@gmail.com,243603,Ms. S.T. Koli,243603
"M.G.M.'s Jawaharlal Nehru Engineering College, Aurangabad","Mahatma Gandhi Mission's Jawaharlal Nehru Engg. College Campus, N-6, CIDCO",Aurangabad,www.jnec.org,jnec@jnec.ac.in,2481434,Mrs. Aishwarya D. Joshi ,2482893
"Mahatma Basaweshwar Education Society's College of Engineering, Ambejogai","Ambejogai, Beed",Beed,www.coea.ac.in,khadakbhavibi@gmail.com,2488882,NOT FILLED,247262
"Peoples Education Society's College of Engineering, Aurangabad","Nagasen Vana, Near Panchakki, University Rd., Aurangabad",Aurangabad,www.pescoe.ac.in,principal@pescoe.ac.in,2403001,Shri. V. F. Gajbhiye,2403017
"Hi-Tech Institute of Technology, Aurangabad","P-119, Bajajnagar, Aurangabad ",Aurangabad,www.hitechengg.edu.in,principal@hitechengg.edu.in,2552240,Mr.B.B.Jadhav,2553496
"Nagnathappa Halge Engineering  College, Parli, Beed","At Brahmwadi , Post Tokwadi, Parli-Beed State Highway, Parli Vaijnath Dist. Beed",Beed,www.nhce.in,nhce1@hotmail.com,224334,Prof. Mulgir S.N.,224334
"Matsyodari Shikshan Sansatha's College of Engineering and Technology, Jalna","Jalna-Aurangabad Road, Nagewadi, Jalna",Jalna,www.msscetjalna.org,msscetjalna@gmail.com,202533,Sham B. Bhojane,202533
"Shri Sai Samajik Vikas Santha's Shri Sai Colllege of Engineering, Paddari Village Tal. & Dist. Aurangabad","Gut No. 80, Paddari Village,Near Beed bypass,via Deolai,Near Sai Mandir, Tal. & Dist. Aurangabad",Aurangabad,www.saiengineeringcollege.in,appoint01@gmail.com,6517388,Kharat B.M.,6453732
"Maharashtra Education Society's Maharashtra Udayagiri Institute of Management & Technology, Somnathpur","Vill. Somnathpur, Tal. Udgir. Dist. Latur",Latur,www.muec.ac.in,principalmuimt@gmail.com,257722,Mr. Kulkarni A.B.,256152
"Geetai Charitable Trust's Khurana Sawant Institute of Engineering & Technology, Balsond, Hingoli.","Balsond, Tal.& Dist. Hingoli",Hingoli,www.ksiet.org,ksiet_hingoli@yahoo.co.in,290282,Ashruba Limbaji Korde,290281
"Adarsh Shikshan Prasarak Mandal's K. T. Patil College of Engineering and Technology, Osmanabad","Keshav Nagar, Jadahavwadi Road, Osmanabad.Tal.  & Dist. Osmanabad",Osmanabad,www.ktpcoe.org.in,ktpcoeo@gmail.com,2293099,ANDHALKAR SANTOSH,2293200
"G.S. Mandals Marathwada Institute of Technology (Arch.), Aurangabad","PB 327,Satara Road, Aurangabad",Aurangabad,www.mit.asia,info@mit.asia,2375111,Surendra R. Patil,2375111
"Gramodyogik Shikshan Mandal's Marathwada Institute Of Technology, Rotegaon, Vaijapur, Dist. Aurangabad.","Rotegaon, Post Box No. 327, Taluka, Vaijapur,Satara Village Road Dist. Aurangabad 431028",Aurangabad,www.mit.asia,munish.sharma@mit.asia,204035,V.G.Talekar,204035
"Shree Bharavnath Nisarga Mandal, Diploma in Engineering and Technology, Gevrai Tanda, Aurangabad","Gevrai Tanda, Paithan Road, Taluka & Dist. Aurangabad.  431001",Aurangabad,www.sbnmpoly.org,principalsbnm@rediffmail.com,6616401,Mr. Kazi M,2480451
"Vinayakrao Patil Shikshan Prasarak Mandal, Institute Of Engineering & Technology Kannad","Kannad, Dist Aurangabad ",Aurangabad,www.ietkannad.org,1157principal@msbte.com,220588,MAGAR  N.S.,220588
"Shree Dhaneshwari Manav Vikas Mandal Diploma In Engineering And Technology Institute, Hatta, Tal. Basmat, Hingoli","Hatta, Taluka Vasamat, Dist. Hingoli ",Hingoli,www.sdmvmspolyhatta.in,1006principal@msbte.com,244257,Mr.Raut V.G.,22454
"Dharati Janseva Pratishthan, Diploma In Engineering & Technology Institute, Jalna","Rohanwadi, Revgaon Raod, Tq.Dist.Jalna ",Jalna,www.djppolytech.org,1093principal@msbte.com,8888651267,SHINDE B. T.,2482223
"Education Society, Kalawatibai College Of Engineering & Technology (Polytechnic), Naigaon, Nanded","Lalwandi Road, Tal. Naigaon (Kh), Nanded  431709",Nanded,www.kalawatibaipoly.com,1155principal@msbte.com,263399,Mrs.Dachawar P.S.,263399
"Sahayog Sevabhai Sanstha, Indira Institute Of Technology(Polytechnic), Nanded.","Gat No. 18 & 22 Vishnupuri, Nanded 431606",Nanded,www.sahayogcampus.ac.in,indirapoly@gmail.com,229155,KIRKAN SHANKAR SANJAY,229155
"Gramodyogik Shikshan Mandal's Marathwada Institute of Technology, Aurangabad","P.B.-327, Satara Village Rd.,  off Beed By-Pass Highway Aurangabad , 431005",Aurangabad,www.mit.asia,sunil.deshmukh@mit.asia,2375333,PRAKASH G. GADHE,2375333
"Marathwada Shikshan Prasarak Mandal's Shri Shivaji Institute of Engineering and Management Studies, Parbhani","Vasmat Road,Parbhani",Parbhani,www.mspgroup.org,director.ssiems@yahoo.com,234109,Solanke Vikas Shankarrao,234109
"Ransamrat Kreeda Mandal's Rajarshi Shahu Institue of Technology,Parli Road Kallam, Dist. Osmanabad","Gat No 65-A/2, Parli Road Kallam, Dist. Osmanabad. 413507",Osmanabad,www.shahuitkallam.org,rsit1489@gmail.com,263011,Jawale Niteen Khanderao,263010
"Ambarwadikar Institute of Hotel Management & Catering Technology Polytechnic, Deolai, Aurangabad","Gut No. 103, Deolai, Surya Lawns Campus, Beed , Aurangabad ",Aurangabad,www.ambarwadikartech.com,ambarwadikar.hmct@gmail.com,2242044,Mr.Raju Kale,2653155
"Anand Charitable Trusts, Diploma in Engineering & Technology, Murshadapur, Ashti, Dist. Beed"," Murshadapur, Tq. Ashti, Dist. Beed.  414203",Beed,www.dietashti.org,acspoly.ashti@gmail.com,282974,Bodkhe Vijay Babanrao,282974
"Sevadas Shikshan Prasarak Mandal's Vasantrao Naik Instiute of Technology, Vasarni, Nanded","Gut No 24, Vasarni, Nanded. 431603",Nanded,www.sevadasspmnnd.org,1506principal@msbte.com,225375,MR. JOSHI K.C.,225375
"Shri Sai Institute of Technology(Polytechnic),Aurangabad","P-75 Behind Garware Palyster,MIDC ,Chikalthana  Aurangabad , 431210",Aurangabad,www.ssit.org.in,ssitpoly@gmail.com,2470312,Gawande K R,2470312
"Sai Institute of Engineering & Technology, Bilda, Aurangabad.","Survey No.170, Sai Nagar,Aurangabad Ajanta Road,Jalgaon Highway,Village Bilda,Tal. Phulambri,",Aurangabad,www.sietaurangabad.com,sietaurangabad@gmail.com,2020555,Mr. Shankar Chate,2020555
"Maitree Foundation's Maitree Institute of Management & Technology, Bhatangali Tal.& Dist. Latur","Gut. No. 237, Bhatangali, Tq. & Dist. Latur.  413512",Latur,www.mimlatur.com,mimlatur@rediffmail.com,240430,Sharad Hudage,254888
"V.J. Shinde College of Engineering, Osmanabad.","Gat No. 738, Waruda road, Osmanabad.",Osmanabad,www.vjsengg.com,vjscoe2529@gmail.com,203205,Prof. Shinde Abhijeet V.,203205
"CSMSS Chh. Shahu College of Engineering, Aurangabad","Kanchanwadi, Paithan Road, Aurangabad.",Aurangabad,www.csmssengg.org,shahuengg@gmail.com,6646370,Pravinkumar G Jadhao,6646371
"D.B.Group of Instituions, School of Technology, At.Mahalangra, Tal.Chakur,Latur","Opp. LATUT-NANDED HIGHWAY,AT MAHALANGRA,TQ-CHAKUR,DIST-LATUR-412513",Latur,www.dbgroup.org.in,dbimr@yahoo.com,259008,PATHAN M.A.,259009
"Gramin College of Engineering, Vishnupuri, Nanded","Vishnupuri, Nanded, Nanded waghala, Nanded",Nanded,www.graminenggnanded.org,graminenggnanded@gmail.com,229900,Mrs. Gajbhare jaya,229112
"Veermata Jijabai Technological Institute(VJTI), Matunga, Mumbai","H.R. Mahajani Marg, Matunga, Mumbai ",Mumbai City,www.vjti.ac.in,director@vjti.org.in,24198101,Dr. V. N. Palaskar,24198101
"Sardar Patel College of Engineering, Andheri","Munshi Nagar, Andheri (West),  Mumbai - Suburban ,Mumbai ",Mumbai Suburban,www.spce.ac.in,principal@spce.ac.in,26708371,S.R.Vinerkar,26232192
"St. Xavier's Technical Institute, Mumbai","Mahim Causeway Road, Mahim, Mumbai , 400016",Mumbai City,www.xaviertech.com,office@xaviertech.com,24451961,RAVIRAJ GHADGE,24455937
"Father Agnel Technical College (Polytechnic), Bandra(W), Mumbai","Fr. Agnel Ashram Mumbai , 400050",Mumbai City,atc.fragnel.ac.in,fragnel_bandra@yahoo.com,67114051,DEEPAK MASANE,67114054
"Dr. Babasaheb Ambedkar Tech.University,Institute of Petrochemical Engineering,Lonere,Raigad","Vidyavihar,P.O.Lonere,Tal-Mangaon. Raigad , 402103",Raigad,www.iopelonere.com,iopelonere@rediffmail.com,275103,---,275103
"Manjara Charitable Trust's Rajiv Gandhi Institute of Technology, Mumbai","Off. Juhu Versova Link Road, Versova, Andheri(W) Mumbai ",Mumbai Suburban,www.mctrgit.ac.in,mctrgit02@gmail.com,26707025,Shri. Subhash Khachane,26707026
"Vidyalankar Institute of Technology,Wadala, Mumbai","Vidyalankar Educational Campus,Vidyalankar College Marg, Wadala(E), Mumbai ",Mumbai City,www.vit.edu.in,principal@vit.edu.in,24161126,Mukund Deshmukh,24161126
"Mahavir Education Trust's Shah & Anchor Kutchhi Engineering College, Mumbai","Vaman Tukaram Patil Marg, Chembur, Mumbai",Mumbai Suburban,www.shahandanchor.com,principal@sakec.ac.in,67978100,Prof.A.W.Khan,25580854
"Saraswati Education Society's Saraswati College of Engineering,Kharghar Navi Mumbai","Plot No 46/46 A, Sector 5 Near MSEB Sub Station Kharghar Navi Mumbai  Dist. Raigad ",Raigad,www.sce.edu.in,registrarsaraswati@gmail.com,27743706,Mr.Amar Shinde,27743705
"Bharti Vidyapeeth's Institute of Management & Information Technology, Navi Mumbai","Sector 8. CBD, Belapur, Navi Mumbai  400614",Thane,www.bvimit.co.in,admission@bvimit.co.in,27578415,Amol Ghatage,27578415
"Deccan Education Society's Navinchandra Mehta Institute of Technology & Development, Dadar, Mumbai","DES's Mumbai Campus, Kirti College Road, Dadar (W), Mumbai.  400028",Mumbai City,www.nmitd.edu.in,director@nmitd.edu.in,62764583,PRASAD KULAKRNI,62764583
"M.G.M.'s College of Engineering and Technology, Kamothe, Navi Mumbai ","At Junction of NH4 & Sion-Panvel Expressway,  Kamothe, Navi Mumbai ",Raigad,www.mgmmumbai.ac.in,principal.cet@mgmmumbai.ac.in,65138119,Dr. Sunita Shinde,27433421
"Thakur College of Engineering and Technology, Kandivali, Mumbai","Thakur Shyamnarayan Marg,Thakur Village,Kandivali(E), Mumbai",Mumbai Suburban,www.tcetmumbai.in,tcet@thakureducation.org,67308000,Pankaj Singh,67308000
"Thadomal Shahani Engineering College, Bandra, Mumbai","37th Road, Off Linking Road, (Near National), Bandra (West), Mumbai ",Mumbai Suburban,www.tsec.edu,gtthampi@yahoo.com,26047087,Manohar Chandwani,26041631
"Fr. Conceicao Rodrigues College of Engineering, Bandra,Mumbai","Father Agnel Ashram , Band-stand, Bandra (West), Mumbai",Mumbai Suburban,www.fragnel.edu.in,crce@fragnel.edu.in,67114101,Chandrashekhar Shetty,67114000
"Vivekanand Education Society's Institute of Technology, Chembur, Mumbai","Hashu Advani Memorial Complex, Behind Collector Colony, R.C. Marg, Chembur, Mumbai",Mumbai Suburban,www.ves.ac.in/vesit,vesit@vsnl.com,61532511,Mrs. Asma Parveen I.Siddavatam,61532532
"Bharati Vidyapeeth College of Engineering,  Navi Mumbai","Sector - 7,CBD- Belpur, Navi Mumbai 400614 ",Thane,www.bvcoenm.edu.in,principal.bvcoenm@bharatividyapeeth.edu,27571074,Mr. Santosh Shahaji Pawar,27572140
"Terna Engineering College, Nerul, Navi Mumbai","Plot No. 12, Sector-22,Opp. Nerul Railway Station,Phase-II, Nerul (W),Navi Mumbai ",Thane,www.ternaengg.ac.in,principal@terna.org,61115401,Kavita S.Kadam,61115444
"Mandar Education Society's Rajaram Shinde College of Engineering, Pedhambe","At Pedhambe, Po. Alore, Tal : Chiplun, Dist. Ratnagiri",Ratnagiri,www.mandaredusoc.org,rscoedegree@gmail.com,230005,D K Gaikwad,230005
"Smt. Indira Gandhi College of Engineering, Navi Mumbai","Plot No.1, Sector No. 08, Ghansoli , Navi Mumbai 400 701",Thane,www.sigce.edu.in,contactus@sigce.edu.in,8080949300,Chandrakant Jadhav,27543608
"Shivajirao S. Jondhale College of Engineering, Dombivali,Mumbai","Sheel Kalyan Highway, Behind Venkatesh Petrolpump, Sonarpada, Manpada Post, Dombivali (E) Thane ",Thane,www.shivajiraojondhalecoe.org.in,officessjcoe@gmail.com,2023973, Mr. Shejul F. C.,2872560
"Vidyavardhini's College of Engineering and Technology, Vasai","Vasai Road (W Rly), Tal: Vasai, District Palghar ",Palghar,www.vcet.edu.in,vcet_inbox@vcet.edu.in,2338234,Mr. Vishal K. Save,2338234
"Agnel Charities' FR. C. Rodrigues Institute of Technology, Vashi, Navi Mumbai","Sector 9-A,  Vashi, Navi Mumbai,",Thane,www.fcrit.ac.in,principalfcrit@gmail.com,27771000,Neena Biju Nair,227771000
"Konkan Gyanpeeth College of Engineering, Karjat","Vengaon Road, Dahivali, Karjat",Raigad,www.kgce.edu.in,principal@kgce.edu.in,222580,A,222580
"Shri Vile Parle Kelvani Mandal's Dwarkadas J. Sanghvi College of Engineering, Vile Parle,Mumbai","Plot No. U-15, J.V.P.D. Scheme, Bhaktivedanta Swami Marg, Vile Parle (West), Mumbai",Mumbai Suburban,www.djsce.ac.in,info@djsce.ac.in,26123892,Mrs. Shreeya Hadkar,26123892
"Hope Foundation and research center's  Finolex Academy of Management and Technology, Ratnagiri","P- 60, P-60/1, MIDC, Mirjole Block, Ratnagiri",Ratnagiri,www.famt.ac.in,admin@famt.ac.in,229569,Gajanan D Targaonkar,229657
Rajendra Mane College of Engineering & Technology  Ambav Deorukh,"At - Ambav (Devrukh).Tal Sangameshwar,Dist.- Ratnagiri",Ratnagiri,www.rmcet.com,info@rmcet.com,269609,Padmanabh Shelar,269400
"Atharva College of Engineering,Malad(West),Mumbai","S. No. 263, Plot No. 8-12, Malad-Marve Rd, Charkop Naka, Malad(W), Mumbai",Mumbai Suburban,www.atharvaeducation.com,ace@atharvaeducation.com,40294907,ANANDA  KANGANE,40294949
"Mahatma Education Society's Pillai College of Engineering, New Panvel","Dr. K.M.Vasudevan Pillais' Campus Plot No. 10, Sector 16, New Panvel, Dist.Raigad",Raigad,www.pce.ac.in,principalpce@mes.ac.in,27451700,P. Kumaran,27456100
"Don Bosco Institute of Technology, Mumbai","Premier Automobiles Road,Opp. Fiat Company, Kurla (West), Mumbai ",Mumbai Suburban,www.dbit.in,dbit@dbit.in,25040508,Mr. Rajendra Tatkare,25042018
"K J Somaiya Institute of Engineering and Information Technology, Sion, Mumbai","Somaiya Auryvihar Complex,  Near Everard Nagar Eastern Express Highway, Sion (East), Mumbai",Mumbai Suburban,www.somaiya.edu/vidyavihar/kjsieit,principal.tech@somaiya.edu,24061401,Ankush Gaikwad,24080331
"S.I.E.S. Graduate School of Technology, Nerul, Navi Mumbai","Sri. Chandrsekarendra Saraswathy Vidyapuram, Sector-5, Plot 1C&1E, Nerul Dist. Raigad ",Raigad,www.siesgst.edu.in,principalgst@sies.edu.in,61082404,V.Vijayalakshmi,61082400
"Vighnaharata Trust's  Shivajirao S. Jondhale College of Engineering & Technology, Shahapur, Asangaon, Dist Thane","At Asangaon, Tal Shahapur, Opp Railway station, Dist : Thane",Thane,www.jondhleengg.org,vjtsscoe@rediffmail.com,273999,KISHOR JONDHALE,273999
"Aldel Education Trust's St. John College of Engineering & Management, Vevoor, Palghar","St. John Technical Education Complex, Village Vevoor,Manor Road  Palghar (E)",Palghar,www.sjcet.co.in,office@sjcem.edu.in,0,MR. SATISH KUMAR TIWARI,297275
"Koti Vidya Charitable Trust's  Smt. Alamuri Ratnamala Institute of Engineering and Technology,  Sapgaon, Tal. Shahapur","Sapgaon, Taluka Shahapur  Dist. Thane",Thane,www.armiet.com,registrar@armiet.com,40244310,Ankit Suresh Sanghavi,40244310
"Saraswati Education Society, Yadavrao Tasgaonkar College of Engineering and Management, Nasarapur, Chandai, Karjat","Chandhai, Neral - Kadav Raod, Post Nasrapur, Taluka Karjat, Dist. Raigad",Raigad,www.tasgaonkartech.com,sesytcem@gmail.com,321524,vivek dadu sawant,321524
"Late Shri. Vishnu Waman Thakur Charitable Trust, Viva Institute of Technology, Shirgaon","Shirgaon, At. Post Virar, Tal. Vasai. Thane ",Palghar,www.viva-technology.org,principalvit@vivacollege.org,7770002544,Mr. Mahendra D. Kajare,7770002544
"Haji Jamaluddin Thim Trust's Theem College of Engineering, At. Villege Betegaon, Boisar","At Village Betegaon,Boisar Chillhar Road , Near Union Park,  Boisar(E), Tal: Palghar,",Palghar,www.theemcoe.org,info@theemcoe.org,284926,SHEETAL PATIL,284909
"Mahatma Education Society's Pillai HOC College of Engineering & Technology, Tal. Khalapur. Dist. Raigad"," Pillai HOCL Educational
Campus, Rasayani, Tal. Khalapur. Dist. Raisad-",Raigad,www.mes.ac.in,pragneshshah@mes.ac.in,669001,Mr.Shirish Mayekar,669000
"Leela Education Society, G.V. Acharya Institute of Engineering and Technology, Shelu, Karjat","Shelu/Damat Village, (Opp. Shelu Rly Station), Tal. Karjat. Dist. Raigad",Raigad,www.leelaeducationsociety.org,principalgvaiet@yahoo.com,229628,Swapnil Bafana,229628
"Bharati Vidyapeeth's Institute of Technology, Navi Mumbai","Belpada, C. B. D. SECTOR - 7, OPP. Kharghar Railway Station, Navi Mumbai.",Thane,www.iotmumbai.bharatividyapeeth.edu,bvitmumai@yahoo.com,27580126,Dilip Ganpat Mahadik,27572434
"Maratha Mandir's Babasaheb Gawade Institute of Technology, Mumbai","Maratha Mandir annex,Babasaheb Gawade Chowk,  Mumbai , 400008",Mumbai City,www.mmbgit.org,ajit.parab@mmbgims.com,66044100,Yogesh Sawant,66044100
"Kala Vidyamandir Institute of Technology (Polytechnic), Malad(W), Mumbai","MHADA World Bank project, Plot  No. M3, RSC,Gaekwad Nagar, Malad(W),Mumbai , 400095",Mumbai Suburban,www.kvmt.co.in,kvmitprinicipal@rediffmail.com,28440012,P.T.NALE,28440012
"Shree Shankar Narayan Education Trust,Pravin Patil College of Diploma Engg. & Technology, Bhayinder (E) Western Rly","Navghar,Bhayander(E), Thane , 401105",Thane,www.prppolytechnic.com,info@prppolytechnic.com,28044871,MR. RAJESH BHOIR,28044871
"Saraswati Education Society,Saraswati Institute of Technology, Kharghar, Navi Mumbai","Plot No.-46/46A, Behind M.S.E.B.Sub Station, Near Utsav Chowk, Sector-5, Kharghar Navi Mumbai Raigad , 410210",Raigad,www.siot.edu.in,ses.siot.os.09@gmail.com,27743706,Mr. Amar A. Shinde,27743705
"Bharat College of Engineering, Kanhor, Badlapur(W)","Kanhor, Badlapur(w).,Tal- Ambernath. Dist. Thane ",Thane,www.bharatedu.co.in,info@bharatedu.co.in,7666615915,Mr. Satish Vishe,2665001
"Dilkap Research Institute Of Engineering and Management Studies, At.Mamdapur, Post- Neral, Tal- Karjat,  Mumbai","Village At.Mamdapur, Post- Neral, Tal- Karjat,  Dist.Raigadh",Raigad,www.driems.in,sumaneducationaltrust@gmail.com,651806,Mr. Jalindar Shinde,651806
"Shree L.R. Tiwari College of Engineering, Mira Road, Mumbai
","Survey no. 267, Near Commisioner's Bungalow,Kanakiya Park,Mira Road (E)Thane",Thane,www.slrtce.in,slrtce@rahuleducation.com,28120145,hubale santosh,28120144
"B.R. Harne College of Engineering & Technology, Karav, Tal-Ambernath.","At.Karav, Post Vangani(w), Tal. Ambernath, Dist. Thane ",Thane,www.brharnetc.edu.in,jsiddhivinayakf@gmail.com,2910193,Shailesh,2910190
"Anjuman-I-Islam's Kalsekar Technical Campus, Panvel","Plot No.2, 3 Sector - 16, Khandgaon, Thane Naka, Panvel Dist. Raigad ",Raigad,www.aiktc.org,aiktc.newpanvel@gmail.com,27481249,Dr. Jamil Daud,27481247
"G.M.Vedak Institute of Technology, Tala, Raigad.","At Post Taluka. Tala, Dist. Raigad ",Raigad,www.gmvit.com,gmvedakit@gmail.com,269004,Prof. Satish Jadhav,269004
"Universal College of Engineering,Kaman Dist. Palghar","Kaman Bhiwandi Road, S.N. 146(Part), Kaman, Vasai",Palghar,www.ucoe.edu.in,moses.lopes@universal.edu.in,2210044,Mr. Moses Lopes,69624580
"VPM's Maharshi Parshuram College of Engineering, Velneshwar, Ratnagiri.","At Post Velneshwar, Hedvai-Guhagar Road, Guhagar,Ratnagiri.",Ratnagiri,www.vpmmpcoe.org,info@vpmmpcoe.org,9527634958,Mr. Ravindra Rasal,243101
"Ideal Institute of Technology, Wada, Dist.Thane","40, Pasheri Village, Pimplaj road, Taluka Wada, Dist.Thane. ",Palghar,www.idealwada.com,idealinstituteoftechnology13@gmail.com,212144,Mr. Jugal Mehra ,212144
"Vishwaniketan's Institute of Management Entrepreneurship and Engineering Technology(i MEET), Khalapur Dist Raigad","Survey No. 52 Kumbhivali, On Mumbai-Pune Expressway, Near Khalapur Toll Naka ,Tal-Khalapur, Dist- Raigad",Raigad,www.vishwaniketan.edu.in,mail.vishwaniketan@gmail.com,274210,Mr. H. R. Mavkar,274206
"New Horizon Institute of Technology & Management, Thane","Anand Nagar, Kavesar, Off. Ghodbunder Road, Thane(W)",Thane,www.nhitm.ac.in,principal@nhitm.ac.in,25971778,Mr. Rupesh Pethe,25971778
"Government College of Engineering, Chandrapur","Ballarsha Bypass Road,Chandrapur ",Chandrapur,www.gcoec.ac.in,gcoechandrapur@gmail.com,230299,Smt. S. R. Bhagwat,230478
"Laxminarayan Institute of Technology, Nagpur","L.I.T.Premises, Opposite Bharatnagar, Amravati Road, Nagpur",Nagpur,www.litnagpur.in,rajumankar@gmail.com,2531659,Dr. Vinayak Deshpande,2561107
"Lady Amritbai Daga College for Women of Arts, Comm & Sci &  R.Purohit College of H.Sci & H. Sc. Technology, Nagpur","Department of HMCT, L.A.D.  & Smt. R.P.College for Women,  Seminary hills, Shankar Nagar,Nagpur ",Nagpur,hmct.ladcollege.in/,lad_hmct@yahoo.com,2246623,Deepika Reddiwar,2512336
"Government Institute of Hotel Management & Catering Technology, Nagpur","Govt. Polytechnic Campus, Nagpur , 440001",Nagpur,www.gihmctngp.org,principahmct_ngp@hotmail.com,2542725,V. D. Pohane,2544355
"Government College of Engineering, Nagpur","Sector-27, Mihan Rehabilitation Colony, Khapari, Nagpur",Nagpur,www.gcoen.ac.in,office.gcoenagpur@dtemaharashtra.gov.in,202011,MR.N. H. BHUJADE,202012
"Shree Shivaji Education Society, Dr. Panjabrao Deshmukh Institute of Management Technology & Research, Nagpur","Dept. of Dhanwate National College, Congress Nagar Opp. Ajni Rly Station  Nagpur , 440012",Nagpur,www.pdimtr.ac.in,pdimtrdnc@gmail.com,2522759,Ashok Chandan,2445356
"Kavi Kulguru Institute of Technology & Science, Ramtek","K. K. Nagar, Ramtek, Nagpur - 441 106  ",Nagpur,www.kits.edu,principal@kits.edu,255047,Dr. B. Ram Rathan Lal,255309
"GES Department Of Management Technology N.M.D.PG College Of Arts, Commerce, Law & Management, Gondia ","Ramnagar, Gondia   441614",Gondia,www.nmdcgmmba.co.in,dmtr.nmd@rediffmail.com,252634,ARVIND TONDTRE,252682
"Shri Ramdeobaba College of Engineering and Management, Nagpur","Gittikhadan, Katola  Road, Nagpur",Nagpur,www.rknec.edu,deanadmissions@rknec.edu,2583239,Prof. Nikhil Shirish Damle,2580011
"Ankush Shikshan Sanstha's G.H.Raisoni College of Engineering, Nagpur","C.R.P.F. Gate No.3, Digdoh Hills, Hingna Road, Nagpur ",Nagpur,www.ghrce.raisoni.net,principal.ghrce@raisoni.net,9881713575,Dr Sanjay Dorle,9604787184
G.H. Raisoni Institute of Information Technology," 37-39/1, SHRADDHA PART, OFF HINGNA-WADI LINK ROAD, MIDC, NAGPUR, MAHARASHTRa 440028",Nagpur,ghriit.raisoni.net,ghriitnag@raisoni.net,236102,Mr. Sushil J. Jadhav,236102
"Bapurao Deshmukh College of Engineering, Sevagram","P.O.Sevagram,Dist-Wardha",Wardha,www.bdce.edu.in,princi.bdces@gmail.com,284030,Mr.G.D.Dhawale,284378
"Lokmanya Tilak Jankalyan Shikshan Sanstha, Priyadarshani College of Engineering, Nagpur ","Near CRPF Campus, Hingna Road, Nagpur ",Nagpur,www.pcenagpur.edu.in,mpsingh3712@rediffmail.com,244285,Mr. Vijay Athalye,244381
"Sanmarg Shikshan Sanstha's Smt. Radhikatai Pandav College of Engineering, Nagpur","Near Dighori Naka, Umrer Road, Bhadura, Nagpur",Nagpur,www.srpce.ac.in,admin@srpce.ac.in,663603,Mr. Satish Lanjewar,663603
"Guru Nanak Institute of Engineering & Technology,Kalmeshwar, Nagpur","Khasara No-94,95&164/1,Mauza Dahegaon,Opposite IOC Prtrol Pump,Kalmeshwar, Nagpur",Nagpur,www.gniet.ac.in,gnietnagpur@gmail.com,661400,Mr. Shital V. Likhar,661400
"Amar Seva Mandal's Shree Govindrao Vanjari College of Engineering &  Technology, Nagpur","Survey No. 148/149, Salai Godhani, Near Chikna Village, Hudakeshwar Road, Nagpur",Nagpur,www.gwcet.ac.in,gwcet@rediffmail.com,2742308,Mr. Pankaj Kohale,2742308
"Lokmanya Tilak Jankalyan Shikshan Sastha, Priyadarshini J. L. College Of Engineering, Nagpur","846, Nandanvan, Nagpur ",Nagpur,www.jlcce.ltjss.net,principaljlcce@gmail.com,2712490,Mrs.A.V.Kature,2711505
"Jaidev Education Society, J D College of Engineering and Management, Nagpur ","At Khandala, Post Vaini Katol Road, Nagpur",Nagpur,www.jdcoem.ac.in,principal@jdcoem.ac.in,2682619,Dr Ujwala S Dange,2023003
"Samridhi Sarwajanik Charitable Trust, Jhulelal Institute of Technology, Nagpur","Kh. No.72, 68/1, 68/2, 68/3, Lonara Dist. Nagpur",Nagpur,www.jit.org.in,admin@jit.org.in,2668235,Mr. SUMEET CHANDEGAVE,2668233
"Ankush Shikshan Sanstha's G. H. Raisoni Institute of Engineering & Technology, Nagpur","MIDC, Near Facor, Higna Wadi Road, Nagpur ",Nagpur,www.ghrietn.raisoni.net,ghrietn@raisoni.net,234501,Prof. M.J. Katira,234501
"Shri. Sai Shikshan Sanstha, Nagpur Institute of Technology, Nagpur","Sr. No.13/2, Mahurzari, Katol Road, Taluka & Dist Nagpur ",Nagpur,www.nit.edu.in,registrar@nit.edu.in,9881711787,Sandeep Kale,9881711787
"Wainganga College of Engineering and Management, Dongargaon, Nagpur","Dongargoan, Near Gumgaon Railway Station, Post - Gumgaon, Wardha road, Nagpur",Nagpur,www.wcem.in,wcem4145@gmail.com,202007,Mr. R P Madankar,203728
"KDK College of Engineering, Umrer, Nagpur","State Highway No.9, Opp. W. C. L., Umrer Project, Umrer, Nagpur",Nagpur,www.ucoe.org.in,dratulcwaghmare@rediffmail.com,247823,Mr. Ajay  Dhanvijay,247317
"K.D.K. College of Engineering, Nagpur"," Great Nag Road, Nandanvan, Nagpur",Nagpur,www.kdkce.edu.in,kdkce4147@gmail.com,2711400,Anant B. Bute,2710030
"Vidarbha Bahu-Uddeshiya Shikshan Sanstha's Tulshiramji Gaikwad Patil College of Engineering & Technology, Nagpur","Kh. No. 8/1, Mohgaon,Wardha Road,Nagpur ",Nagpur,www.tgpcet.com,vidarbhabuss@yahoo.co.in,6648252,SANDEEP PALSODKAR,645410
Rajiv Gandhi College of Engineering Research & Technology  Chandrapur,Ballarpur Road Babupeth Dist. Chandrapur,Chandrapur,www.rcert.ac.in,principal@rcert.ac.in,225286, R. S. Chilbule,225168
"Gondia Education Society's Manoharbhai Patel Institute of Engineering and Technology, Gondia","Kudwa,  Dist. Gondia ",Gondia,www.mietgondia.in,principal_miet@rediffmail.com,252158,Mr. W.N.Sahare,252033
"Yeshwantrao Chavan College of Engineering,Wanadongri, Nagpur","Hingna Road, Wanadongri, Nagpur  441110",Nagpur,www.ycce.edu,principal@ycce.edu,329250,DR. P. K. DAKHOLE,242919
"Lokmanya Tilak Jankalyan Shikshan Sanstha's , Priyadarshini Institute of Engineering and Technology, Nagpur","Mouza Shivangaon , Khasara, 1/1A, 1909/12C, Near CRPF Campus, Hingna Road, Nagpur",Nagpur,www.piet.ltjss.net,viveknanoti@gmail.com,244470,Mr. Abhaykumar Das,244463
"Anjuman College of Engineering & Technology, Nagpur","Mangalwari Bazar Road, Sadar, Nagpur",Nagpur,www.anjumanengg.edu.in,eng_acet@rediffmail.com,2583559,Aamir Siddiqui,6604502
"JMSS Shri Shankarprasad Agnihotri College of Engineering, Wardha","Agnihotri College Campus, Bapujiwadi, Ramnagar, Wardha ",Wardha,www.sspace.ac.in,agisspace2007@gmail.com,232552,MR.GAJANAN DANDADE,250007
"Priyadarshini Bhagwati  College of Engineering, Harpur Nagar, Umred Road,Nagpur","Harpur Nagar, Umrer Road, Nagpur",Nagpur,www.bcce.ltjss.net,principalpbcoe@gmail.com,2710281,Mr. V. D. Barapatre,2710282
"Lokmanya Tilak Jankalyan Shiksan Sanstha, Priyadarshini Indira Gandhi College of Engineering, Nagpur ","Opp. Lata Mangeshkar Hospital, Hingana Road, Nagpur",Nagpur,www.pice.ltjss.net,pigce.principal@gmail.com,232545,Mr. Sachin Khedikar,232545
"KDKs Shrimati Rajashri Mulak College of Engineering for Womens, Nagpur","KDK College Campus, Great Nag Road, Nandanvan, Nagpur ",Nagpur,www.srmcew.edu.in,principal_srmcew@yahoo.com,2716411,Mr. H V Sondawale,2714750
"Sarvasiddhanta Education Soc's Nuva College of Engineering and Technology, Nagpur","146,149,150 & 153,Nagpur Katol Highway, Khapri(Kothe),Tal.Kalmeshwar, Nagpur",Nagpur,www.nuvaedu.com,infonuva@gmail.com,0,Abhijeeth Nair,661105
"Shree Bapuraoji Deshmukh Foundation, Suresh Deshmukh College of Engineering, Selukate, Wardha","Selukate, Survey No. 161, Mauje Selu Kate, Dist. Wardha ",Wardha,www.sdce.edu.in,princi.sdces@gmail.com,282333,Mr. K.D. Fartade,282533
"Dr. Babasaheb Ambedkar College of Engineering and Research, Wanadongri, Nagpur","Wanhadongri, Hingna Road, Nagpur ",Nagpur,www.svsscer.edu.in,svssngp@gmail.com,242406,Mrs.Lucky Chandekar,242406
"Sardar Patel Memorial Society's Namdevrao Poreddiwar College of Engineering and Technology, Gadchiroli","At Mouza Boldi, Dhanopra Road, Tal & Dist. Gadchiroli",Gadchiroli,www.npcet.ac.in,principal.ncet@gmail.com,237862,Vinod Dhamange,237861
"M.D. Yergude Memorial Shikshan Prasarak Mandal's Shri Sai College of Engineering & Technology, Badravati
","Near Village Lonara, Nagpur Road, Badravati Dist. Chandrapur ",Chandrapur,www.sscet.in,mdyergude@yahoo.com,230723,MR.J.S. TRIPATI,230723
"Nav Disha Education Soc, Acharya Vinoba Bhave Institute of Technology ,Mauza-Pawnar,Wardha","At Post Pavanar, Dist. Wardha",Wardha,www.abvit.org,avbit2008@rediffmail.com,93733950,Pradip umate,93733950
"Vidharbha Bahu uddeshiya Shikshan Sanstha's Abha Gaikwad – Patil College of Engineering, Nagpur","Khasara No.8/1, Mohgaon, Wardha Road, Tal. & Dist. Nagpur",Nagpur,www.agpce.com,vidarbhabuss@yahoo.co.in,6648252,Liladhar Bawane,645412
"Gurunanak Educational Society's Gurunanak Institute of Technology, Nagpur","Dahegaon, Kalmeshwar Road, Nagpur",Nagpur,www.gniem.ac.in,gniemnagpur@gmail.com,2234333,Shri. Rajendra Khobe,661450
"Jai Mahakali Shikshan Sanstha, Agnihotri College of Engineering, Sindhi(Meghe)
","Nagthana Road, Near Bypass Highway Road, Sindhi (Meghe). Wardha ",Wardha,www.agnihotrigroup.org,ajayshelke.000@rediffmail.com,240527,Gajanan A. Dandade,250152
"Yugantar Education Society's Shri Balasaheb Tirpude College of Hotel Management & Catering Technology,Nagpur","Shri Nasikraoji Tirpude Marg,Civil Lines ,Sadar, Nagpur",Nagpur,www.tirpudehmct.org,tirpudehmct@gmail.com,2550032,VINOD MESHRAM,2550695
"Jai Mahakali Shikshan Sanstha's Agnihotri School of Technology, Ramnagar, Wardha","Ramnagar, Wardha , 442001",Wardha,www.astwardha.in,ast695@rediffmail.com,252888,Mr. Amol V. Nandedkar,252888
"Late Madhukarrao Deshmukh Education Soceity's Avdhoot Diploma College Of Engineering, Mouza, Bhojapur","Mauza Bhojapur, P.H. No.115, Sur. No.6, Kuhi, Nagpur 400001",Nagpur,lmdes.org.in,avdootpoly@rediffmal.com,220021,Nitin Madhukarrao Deshmukh,220021
"Krushna Sahayogi Tantra Shikshan Sanstha, Chatrapati Shivaji Institute Of Technology, Deori, Gondia","Shivaji Campus,At.Post.Th.Deori(Chichgadh Road) Gondia , 441901",Gondia,www.kstsscsit.org,kstsscsit@rediffmail.com,225631,Chittaranjan girhepuje,225631
"Sikh Education Society's Gurunanak Technical Institute of Pharmacy, Nagpur","Mauza Nari, Near Dixit Nagar, Kh. No. 81/1, C.P. Foundry,Pili Nadi Nagpur , 440026",Nagpur,www.gntinagpur,gnti1983@yahoo.com,2242017,Harmindersingh Huda,2633854
" V M Institute of Engineering and Technology, Dongargaon, Nagpur","Dhutte village , Near Dongargaon, Wardha Road, Nagpur",Nagpur,www.vmit.org.in,vmietnag@gmail.com,645689,Liladhar Bawane,6650243
"ITM College of Engineering, Nagpur","Near Madhi Mandir, Ghorpad Road, Kamptee, Dist-Nagpur",Nagpur,www.itmnagpur.ac.in,prasadv@itmnagpur.ac.in,9881713211,P.R.Velankar,7109270273
"Gondia Education Society's Manoharbhai Patel Institute Of Engineering & Technology, Shahapur, Bhandara ","N.H.6 Shahapur,Bhandara",Bhandara,www.mietbhandara.ac.in,principalmietb@rediffmail.com,7709967710,CHAKRADHAR KAHALKAR,9975591177
"Vidya Niketan Institute of Engineering and Technology, Nagpur","At. Post : Gondkheri. Tah.: Kalmeshwar, Dist.: Nagpur",Nagpur,www.vniet.org,principal@vniet.org,277088,Prof. S. D. Ninawe,277088
"Cummins College of Engineering For Women, Sukhali (Gupchup), Tal. Hingna Hingna Nagpur","Mouje Sukhali (Gupchup), Tal. Hingna  Dist. Nagpur",Nagpur,www.cumminscollege.edu.in,office@cumminscollege.edu.in,94230551,Mr. Pradeep  Joshi,96576670
"G.H.Raisoni Academy of Engineering & Technology, Nagpur","Shraddha Park, Off Hingna-Wadi Link Road, Nagpur",Nagpur,www.ghraet.raisoni.net,ghraetnag@raisoni.net,237688,Prashant Awachat,237688
"Indian Instiutute of Fire Engineering, Nagpur","Makardhokda Katol Road,Near VeerChakra Colony, Nagpur  440013",Nagpur,www.firecollegenagpur.in,fireinstitute96@gmail.com,2570733,milind chimurkar,2574129
"Maharashtra Shikshan Prasarak Mandals,Sommaya Diploma In Engineering, Wadgaon Dist Chandrapur",Wadgaon Dist Chandrapur   442402,Chandrapur,www.somayyapolytechnic.com,somayyamspm@gmail.com,271252,Rajesh.P.Bisan,271232
"Navneet Bahuuddeshya Sanstha, Kinkar Institute Of Technology,Seloo,Dist.Wardha","Rehnki Road,Seloo,Dist.Wardha ",Wardha,www.kitseloo.org,principal.kit4612@gmail.com,220240,Mr.Dipak.Dhodre,220240
"Suryodaya College of Engineering & Technology, Nagpur
","Survey No. 117/1 & 117/3 A, Vihirgaon, Nagpur ",Nagpur,www.scetngp.com,scetngp@gmail.com,276282,Mr. Manoj N. Guhe,276282
"Bajaj Institute of Technology, Wardha","Arvi Road, in Front of Ramkrishna Bajaj Agriculture College, Pipri, Wardha ",Wardha,www.bit.shikshamandal.org,shikshamandal@gmail.com,9823382851,Mr. Parag Kombe,255770
"University Institute  of Chemical Technology, North Maharashtra University, Jalgaon  ","P.B.No. 80, Umavinagar, Jalgaon",Jalgaon,www.nmu.ac.in,jbnaik@nmu.ac.in,2258181,Prof. S. A. Raut,2257441
"Government College of Engineering, Jalgaon","Opp.Govt  I.T. I. National Highway No-6, Jalgaon ",Jalgaon,www.gcoej.ac.in,princoej@rediffmail.com,2281522,Smt. S A Patil,2281522
"Shri Shivaji Vidya Prasarak Sanstha's Late Bapusaheb Shivaji Rao Deore College of Engineering,Dhule","SSVP Sansthas B S Deore College of Engineering ,M.B.A.Department, Dhule",Dhule,www.ssvpsengg.ac.in,princi.ssvps@gmail.com,284300,Prof. Kunal S. Patil,272713
"Shramsadhana Bombay Trust, College of Engineering & Technology, Jalgaon ","Bambori, Dharangaon,  Jalgaon ",Jalgaon,www.sscoetjalgaon.ac.in,sscoetjal@gmail.com,2252989,Mr. Y.K. Chitte,2258393
"G.H. Raisoni Institute of Engineering and Management, Jalgaon","Gat No. 57/1, Shirsoli Road, At. Post- Mohadi Tal. & Dist. Jalgaon, ",Jalgaon,www.raisoni.net,prabhakar.bhat@raisoni.net,2264882,Arun Daulatrao Patil,2264881
"K. C. E. Societys College of Engineering and Information Technology, Jalgaon ","C.S. No. 7480 and 7323, Behind D.I.C., N.H.No.6,  IMR Campus, Jilha Path, Jalgaon",Jalgaon,www.coeit.kces.in,coeit.inquiry@gmail.com,2242026,Prof. Sanjay R Sugandhi,2242025
"Shri Gulabrao Deokar College of Engineering, Jalgaon","Gat No. 56,  P.B. NO. 113, Shirsoli Road, Jalgaon ",Jalgaon,www.sgdcoejalgaon.org,principal@sgdcoejalgaon.org,2264873,Shashikant B Patil,2264871
"Nashik District Maratha Vidya Prasarak Samaj's Karmaveer Adv.Babaurao Ganpatrao Thakare College of Engineering, Nashik","Udoji Maratha Boarding Campus, Near Pumping Station, Gangapur Road, Nashik",Nashik,www.kbtcoe.org,principal@kbtcoe.org,7378497999,Mrs. Shrushti J. Shinde,2571439
"Sandip Foundation, Sandip Institute of Technology and Research Centre, Mahiravani, Nashik","At Post mahiravani, Trimbak Road Dist Nashik",Nashik,www.sandipfoundation.org,principal@sitrc.org,222551,Mrs. Aruna Aher,222551
"Nashik District Maratha Vidya Prasarak Samaj's Institute of Management Research & Technology, Nashik","M. V. P. Campus, Gangapur Road, Shivaji Nagar, Nasik  422002",Nashik,www.imrt.ac.in,imrt_mba@yahoo.co.in,2571650,Aher U.B.,2571650
"Jagadamba Education Soc. Nashik's S.N.D. College of Engineering & Reserch, Babulgaon ","At. Post Babulgaon, Tal Yeola, Nashik",Nashik,www.sndcoe.ac.in,sndcoe.principal@gmail.com,225011,Prof I. R. Shaikh,225012
"Pravara Rural Education Society's Sir Visvesvaraya Institute of Technology, Chincholi Dist. Nashik","At / Po Chincholi, Tal. Sinnar, Nashik",Nashik,www.svitnashik.in,svit.nashik@pravara.in,271261,Mr. Ghuge S L,271278
"Brahma Valley College of Engineering & Research, Trimbakeshwar, Nashik","Anjaneri Village, Trimbakeshwar, Dist.Nashik 422103",Nashik,www.brahmavalley.com,princi.bvcoe@gmail.com,2464691,Mr. Pagar Samadhan S.,220202
"Pravara Rural College of Engineering, Loni, Pravaranagar, Ahmednagar."," A/P.Loni, Tal.Rahata  Dist.Ahmednagar ",Ahmednagar,www.pravaraengg.org.in,principal@pravaraengg.org.in,273204,Mr. B. M. Pansare,273204
"Sanjivani Rural Education Society's Sanjivani College of Engineering, Kopargaon","Sahajanand Nagar, Po : Shingnapur, Tal : Kopargaon, Dist. Ahmednagar ",Ahmednagar,www.sanjivanicoe.org.in,principalcoe@sanjivani.org.in,222469,Shri K.M. Bhavsar,9130191301
"Dr. Vithalrao Vikhe Patil College of Engineering, Ahmednagar","vadgaon Gupta, Vilad Ghat, P.O.-MIDC, Ahmednagar ",Ahmednagar,www.enggnagar.com,prin_coea@yahoo.com,2779496,Mr. A.T.Bhosale,2777296
"Amrutvahini Sheti & Shikshan Vikas Sanstha's Amrutvahini College of Engineering, Sangamner","P.O.: Sangamner Sakhar Karkhana, Tal : Sangamner, Dist. Ahmednagar",Ahmednagar,www.avcoe.org,principal@avcoe.org,259148, Prof. V. P. Waghe,259096
"P.S.G.V.P. Mandal's D.N. Patel College of Engineering, Shahada, Dist. Nandurbar","Poojya Sane Guruji Vidya Prasarak Mandal's, D.N. Patel College of Engineering, Shahada, Dist. Nandurbar",Nandurbar,www.coeshahada.ac.in,principal@coeshahada.ac.in,229649,Shri. D. N. Patil,229649
"Sanjay Education Society's College of Engineering, Navalnagar","Navalnagar, Tal & Dist. Dhule ",Dhule,www.sescoe.org,coenavalnagar@gmail.com,260245,Prof. P. R. Gawande ,260238
"T.M.E. Society's J.T.Mahajan College of Engineering, Faizpur","Jivram Nagar, ,Nhavi Marg, PO:Faizpur(MSSK),  Dist. Jalgaon ",Jalgaon,www.jtmcoef.ac.in,jtmcoef@rediffmail.com,248179,Pradip Vishnu Chaudhari,248256
"Nagaon  Education Society's Gangamai College of Engineering, Nagaon, Tal Dist Dhule","Nagaon At Post. Nagaon, Tal&Dist.  Dhule",Dhule,www.gangamaiengg.org,nagaonengg@rediffmail.com,243000,Shri. J. F. Patil,243170
"Hindi Seva Mandal's Shri Sant Gadgebaba College of Engineering & Technology, Bhusawal","Near Z.T.C Bhusawal, Dist. Jalgaon",Jalgaon,www.ssgbcoet.com,rps125@rediffmail.com,221719,Dr R P Singh,221719
"Godavari Foundation's Godavari College Of Engineering,  Jalgaon","Plot No.51, Dr. Ulhas Patil Nagar, Additional MIDC, Bhusawal Road, N.H.No.6, Jalgaon",Jalgaon,engg.godavarifoundation.org,gcoe2008@gmail.com,2213500,Ishwar Shenfadu Jadhav,2212999
"R. C. Patel Institute of Technology, Shirpur","Near Nimzari Naka, Shirpur Dist. Dhule",Dhule,www.rcpit.ac.in,registrar@rcpit.ac.in,259600,Prashant Mahajan,259600
"SNJB's Late Sau. Kantabai Bhavarlalji Jain College of Engineering,  (Jain Gurukul), Neminagar,Chandwad,(Nashik)","Jain Gurukul, Neminagar, Chandwad Dist.  Nashik",Nashik,www.snjb.org,principalcoe@snjb.org,253752,Mr. Jadhav M M,205527
"G. H. Raisoni College of Engineering and Management, Ahmednagar","G.No.1030, At/Post-Chas,Nagar-Pune Road, Ahmednagar",Ahmednagar,ghrcemahm.raisoni.net,ghrcemahm@raisoni.net,2570123,Mr.Sunil R.Dhobe,2570123
"Matoshri College of Engineering and Research Centre, Eklahare, Nashik","At Post Eklahare, Taluka & District Nashik",Nashik,www.mcoerc.org,gkkharate@rediffmail.com,2406600,Mr. Nagare Baban .T.,2406600
"Vishwabharati Academy's College of Engineering, Ahmednagar","Sarola Baddi ,Jamkhed Road ,  Ahmednagar",Ahmednagar,www.vacoea.com,principal_vacoea@yahoo.com,2660033,Mr.Bargale R.P.,2660033
"Kalyani Charitable Trust, Late Gambhirrao Natuba Sapkal College of Engineering, Anjaneri, Trimbakeshwar Road, Nashik","Sapkal Knowldege Hub,Kalyani Hills, Anjaneri- Wadholi, Tal. Trimbak, Nashik",Nashik,www.sapkalknowledgehub.org,gns_engineering@sapkalknowledgehub.org,220175,Mrs. shrushti J. Shinde,220175
"Shri Chhatrapati Shivaji College of Engineering, (Rahuri Factory), Tal.Rahuri, Dist.Ahmednagar","Shree Shivaji Nagar (Rahuri Factory), Tal. Rahuri,  Dist. Ahmednagar ",Ahmednagar,www.scscoe.org,scsc_eng@yahoo.in,9156532111,Shri. Adhav Yogesh Janardhan,251200
"A.J.M.V.P.S. Institute of Hotel Management & Catering Technology College, Ahmednagar","Lal Taki Road, Near Law College, Ahmednagar",Ahmednagar,www.ihmct.in,ihmctajmvps@gmail.com,2326778,Idhate P. B.,2326778
"Mahatama Gandhi Vidyamandir's College of Hotel Management & Catering Technology , Nashik","Mumbai-Agra Highway, Panchavati, Nashik",Nashik,www.mgv.edu/hmct,mgvihmct@rediffmail.com,2628281,Aashok Ghumare,2628281
"Pravara Rural Education Society's Padmashri Dr. Vittalrao Vikhe Patil Institute of Technology and Engineering Polytechnic ,Pravaranagar","A/P Loni Bk.-413 713, Taluka Rahata,Ahmednagar  413736",Ahmednagar,www.pravara.in,principal.polyloni@pravara.in,273484,Shri. P.J. Dangat,272151
"Mgts Mandal's Sharadchandrika Suresh Patil Institute Of Technology(Polytechnic), Chopda","Yawal Road, Chopda Jalgaon , 425107",Jalgaon,www.polychopda.org,0061principal@msbte.com,222100,Shri.P.A.Deshmukh,222100
"Shree Sant Muktabai Sansthan's Shri Sant Muktabai Institute of Technology, Jalgaon","B.J Nagar Pimparala Road, P.Box No 132, Jalgaon , 425001",Jalgaon,www.muktaieducation.org,smitcollegejalgaon@gmail.com,2250776,Patil Diwakar Jijabrao ,2250500
"Technical & Medical Education Society's J. T. Mahajan Polytechnic, Faizpur","Nhavimarg, Faizpur Jalgaon , 425524",Jalgaon,www.jtmpoly.ac.in,jtmpfaiz@gmail.com,248556,Shri.Ramanlal Ghanashyam Mahajan,248156
"MET's Institute of Technology Polytechnic, Bhujbal Knowledge City, Adgaon Nashik","Bhujbal Knowledge City, Adgaon ,Nashik 422003",Nashik,www.metbhujbalknowledgecity.ac.in,principal_iot@bkc.met.edu,2555825,S. N. PILLAI,2555825
"Kai. Vanjibaba Gramin Vikas Mandal, Shantidevi Chavhan Institute of Engineering & Technology, Chalisgaon","Survey No. 94/3/1 & 2, At Post Bhoras, Tal Chalisagtion,  Jalgaon , 424101",Jalgaon,www.sscpolycsn.com,1004principal@msbte.com,257357,PATIL S.H.,257356
"Trimurti Shikshan Prasarak Mandal, Trimurti Institute Of Technology, Paladhi Bk, Jalgaon","Survey No.227/2, Paldhi Bk, Next To North Maharashtra University, Tal-Dhamangaon, Dist:Jalgaon ",Jalgaon,www.tspmjalgaon.com,manojpatil9737@rediffmail.com,202292,manoj patil,202292
"The People Education Society's, Diploma College Of Enggineering & Technology,Jamkhed","Behind Police Line,Jamkhed Dist. Ahmednagar  413201",Ahmednagar,www.pesjamkhed.com,pesdcet@gmail.com,221222,Dahale S.H,221233
"Kisan Dnyanoday Mandal Gudhe's Dr. Uttamrao Mahajan Institute Of Engineering & Technology,Chalisgaon, Jalgaon","Gat No.140 2 A/1,140 2 A/2, Aurangabad Byepass Road, Chalisgaon Dist-Jalgaon 424101",Jalgaon,www.kdmgsinstitutions.co.in,1178principal@msbte.com,202252,Dr. H. U. Mahajan,202252
"Matoshri Education Soceity, Matoshri Institute Of Technology, Dhanore, Nashik","Dhanore Tal.Yeola, Dist.Nashik  423401",Nashik,www.mityeola.in,mityeola@gmail.com,267560,Mr.R P Phad,267561
"Mahatma Gandhi Vidyamandir's Institute Of Industrial & Pharmaceutical Technology, Nashik","MUMBAI-AGRA HIGHWAY, PANCHAVATI, NASHIK-422003 ",Nashik,www.mgv.org.in,mgv.iipt@gmail.com,2628201,Mr Ravindra Vishwanath Sonar,2511931
"Shri.Sant Muktabai  Santha's Institute  of Technology, Jalgaon","B.J.Nagar, Pimprala Road, P.O.Box No.132, Jalgaon 425001 (M.S.) ",Jalgaon,www.muktaieducation.org,smitcollegejalgaon@gmail.com,2250776,Mr. D.J.Patil,2250500
"Mahatma Gandhi Vidya Mandir Institute Of  Hotel Management And Catering Technology,Nashik","Panchavati,Mumbai-Agra Road, Nashik 422003",Nashik,www.mgv.org.in,mgvdhmct@gmail.com,2628281,Mr Sanjay Keshav Kadwe,2628283
"Pune Vidyarthi Griha's College Of Engineering, Nashik","206, Dindori Road, Near Meri, Mhasrul, Nashik",Nashik,pvgcoenashik.org,pvgcoenashik@gmail.com,6480003,Mr S.N.Gunjal,6480036
"Amruta Vaishnavi Education & Welfare Trust's Shatabdi Institute of Technology, Agastkhind, Tal Sinner","Srv. No. 2, At. Post Agastkhind, Tal Sinner Dist. Nashik 422502",Nashik,www.sitp.co.in,1473principal@msbte.com,2551304,Akolkar Naresh Shashikant,2551304
"Seva Shikshan Prasarak Mandal, Dr. N. J. Paulbudhe Institute of Technology, Narayandoho Tal Nagar, Ahmednagar
",Gate No. 479 At. Post Narayandoho Tal Nagar Dist. Ahmednagar,Ahmednagar,sspm.online.org.in,polytech_paulbudhe@yahoo.in,2030627,MR. KARAMPURI R.S.,2030626
"Nashik Institute of Technology, Late Annasaheb Patil Polytechnic , Dindori Road Cannol road ,MERI ,Nashik","Srv. No,.155 / 1A Dindori Road Cannol road MERI Nashik ",Nashik,www.nitnasik.com,principal@nitnasik.com,2629777,Mr. JAGTAP M.P.,2024121
"Godavari Foundation,Dr.Varsha Patil Institute of Technology, Jalgaon",Jalgaon  425309,Jalgaon,www.dvpit.in,dvpit2010@gmail.com,77200899,S.D.Bendale,77200899
"Shri. Jaykumar Rawal Institute of Technology, Dondaicha.","At Post Dondaicha, Dist. Dhule",Dhule,www.jaytech.co,5381jaytech@gmail.com,244123,MR SHAMKUMAR BHAVSAR,256244123
"Ahmednagar Jilha Maratha Vidya Prasarak Samajache, Shri. Chhatrapati Shivaji Maharaj College of Engineering, Nepti","Survey No. 162& 163, Nepti, Nagar Kalyan Road, Ahmednagar",Ahmednagar,www.scoea.org,scsmcoe.anr@hotmail.com,2568384,Mr. M. B. Amrute,2568383
"Shree Saibaba Institute of Engineering, Research & Allied Sciences, Rahta.","At Post Rahta, Taluka Rahata, Dist. Ahmednagar",Ahmednagar,www.shrisaibabaengg.org,shrisaibabaengg@gmail.com,204578,Rohamare R.V.,204580
"Akole Taluka Education Society,s Technical Campus, Akole, Ahmednagar","Akole, Tal. Akole, Dist. Ahmednagar",Ahmednagar,www.atestc.com,akole2011@gmail.com,95957577,Wakchaure Santosh Tukaram,221123
"Ashok Institute of Engineering & Technology(Polytechnic), Shrirampur.","Ashok Nagar, Tal.Shrirampur, Dist. Ahmednagar.413717",Ahmednagar,www.ashokpolytechnic.org,ashoktech_ashoknagar@yahoo.com,246021,Thorat Sachin N,246021
"College of Engineering and Technology ,North Maharashtra Knowledge City, Jalgaon","Gat No 166 Bambhori, Jalgaon",Jalgaon,www.nmkcj.org,nmkcjalgaon49@gmail.com,2588202,Rohit C Patil,93714
"Jawahar Education Society's Institute of Technology, Management & Research, Nashik.","Survey No.48, Gowardhan, Gangapur Road, Nashik.",Nashik,www.jitnashik.edu.in,principaljitnashik@rediffmail.com,2970077,Mr. Jagdish V. Patil,2970077
"Gurukul Education Society's Institute of Engineering & Technology, Nandgaon","S.No. 34/1B, & 34/2, At Phule Nagar, Post Nandgaon, Tal. & Dist. Nashik.",Nashik,www.gurukulpolytechnic.org,1607principal@msbte.com,243488,MR.NILLESH S.VAIDYA,243488
"Vidya Niketan College of Engineering, Bota Sangamner","Gat No. 670, Vidya Nagari, Pune Nashik Road, at post Bota, TalSangamner, Dist. Ahmednagar.",Ahmednagar,www.vidyaniketanglobal.com,vncoe.principal@gmail.com,8600888433,SANDIP BHAIK,8600888433
"Rajiv Gandhi College of Engineering, At Post Karjule Hariya Tal.Parner, Dist.Ahmednagar","At Post Karjule Harya, Tal. Parner, Dist Ahmednagar",Ahmednagar,www.rgcoe.org,rajivgandhi.iot@gmail.com,9604049525,Mr.Pawar Santosh Barku,295101
"Maulana Mukhtar Ahmad Nadvi Technical Campus, Malegaon.","Mansoora, Malegaon-Manmad Road, P.B.No.144, Malegaon, Nashik.",Nashik,www.mmantc.in,mmantc@gmail.com,9970178118,Mr.Hamid Ajij Shaikh ,2554
"Nikam Institute of Technology(Polytechnic),Dhule","Morane-Gondur byPass road,Gondur",Dhule,www.nitgondur.org,5414nikampoly@gmail.com,297309,JITENDRA ANANDRAO SONAWANE,297309
"Guru Gobind Singh College of Engineering & Research Centre, Nashik.","Khalsa Educational Complex, Guru Gobind Singh Marg, Nashik.",Nashik,www.ggsf.edu.in,gcoerc.nashik@ggsf.edu.in,2372766,Manoj Koli,2372766
"Mauli Institute of Technology (Polytechnic), Amalner, Dist. Jalgaon","Gut No.25/1/A, Dheku Road, Ambasan Dheku, Amalner, District Jalgaon. ",Jalgaon,www.maulipoly.com,maulipoly@gmail.com,7588007270,MR.SWAPNIL PATIL,218200
"Shri. Sai Institute of Technology, Amalner","Gat NO.15/1, Devli/Devgaon, Tal.Amalner, Dist Jalgaon.",Jalgaon,shrisaiinstituteoftechnology.org,php_pune@rediffmail.com,9423479388,Prakash H. Patil,218312
"Shri Vile Parle Kelavani Mandal's Institute of Technology, Dhule","Survey No. 499/1, Plot No.2, Behind Gurudwara, Mumbai Agra Highway, Dhule",Dhule,www.svkm-iot.ac.in,IOTDhule@svkm.ac.in,2562297801,Mr. Anmol Suryavanshi,2562297801
"Government College of Engineering & Research, Avasari Khurd","Avasari, Tal. Ambegaon. Dist. Pune",Pune,www.gcoeara.ac.in,gcoeara@gmail.com,230582,"I/c Registrar, Shri. C.A. Suryawanshi",230582
"Government College of Engineering, Karad","Vidyanagar, Karad  Dist. Satara",Satara,www.gcekarad.ac.in,principal@gcekarad.ac.in,272415,Mr. D. Y. Peraspure,272414
"College of Engineering, Pune","Wellesly Road, Shivaji Nagar, Pune",Pune,www.coep.org.in,director@coep.ac.in,25507001,0,25507000
"Walchand College of Engineering, Sangli","Walchand College of Engineering, Vishram Bagh, Sangli",Sangli,www.walchandsangli.ac.in,director@walchandsangli.ac.in,2305506,Dr. D. B. Kulkarni,2303433
"Institute of Civil and Rural Engineering(aided), Gargoti, Kolhapur","Hutatma Murlidhar Nagar, Gargoti, Kolhapur  416209",Kolhapur,www.icregargoti.org,icre_gargoti@rediffmail.com,220249,Shri Bhoite P.D.,220069
"Maharashtra  Institute of  Printing Technology(Aided), Pune","1786, Sadashiv Peth Pune , 411030",Pune,www.pvgmipt.ac.in,mipt.pvg@gmail.com,24470573,Mr.A.B.Mahadik,24479058
"Cusrow Wadia Institute of Technology( Aided ), Pune ","19, Bundgarden Rd.,Pune Pune , 411001",Pune,www.cwitpune.com,cwitpune@rediffmail.com,26161310,Shri S. R. Abnave,26164814
"Maharashtra State Institute of Hotel Management & Catering Technology,Pune","412-C, Shivaji Nagar, Pune , 411016",Pune,www.msihmctpune.edu.in,office.msihmcpune@dtemaharashtra.gov.in,25676640,Mrs. Sunita Jagtap,25677189
"Department of Technology, Shivaji University, Kolhapur","Vidyanagar, Kolhapur",Kolhapur,www.unishivaji.ac.in,director.tech@unishivaji.ac.in,2605972,Dr.V.D.Nandavadekar,2605970
"Sinhgad Technical Education Society's Sinhgad Institute of Management, Vadgaon (Budruk), Pune","S. No. 44/1, Opp Sinhagad Road, Vadgaon (Budruk), Pune  411041",Pune,www.sinhgad.edu,director_siom@sinhgad.edu,24355531,Mrs.Rupali Warokar,24356592
"Vidya Pratishthan Institute of Information Technology, Baramati, Pune","Vidyanagari, Bhigwan Road, Baramati Dist. Pune  413133",Pune,www.viitindia.org,info@viitindia.org,239555,Mr. Sanjay Jagtap,239555
"Progressive Education Society's Modern College of Engineering, Pune","P.E.S. Modern College of Engineering, 1186 A, Shivajinagar, Off. J.M. Road, Pune ",Pune,www.moderncoe.edu.in,pesmcoe@gmail.com,25533638,Mr. D. D. Gangurde,25533638
"Jaywant Shikshan Prasarak Mandal's,Rajarshi Shahu College of Engineering, Tathawade, Pune","S. No. 80/3, Mumbai Pune Bypass Highway,  Tathawade,Tal-Munshi, Dist. Pune",Pune,www.rscoe.org,rscoe@jspm.edu.in,22934347,Dr. Amey A Choudhari,22933423
"Genba Sopanrao Moze College of Engineering, Baner-Balewadi, Pune","Survey No. 25/1/3, Infront of Chatrapati Shivaji Sports Stadium, Balewadi, Tal. Haveli, Dist. Pune",Pune,www.gsmozecoe.org,ratnaraj.jambi@gmail.com,27390064,Ratna Raja Kumar,27390500
"JSPM'S Jaywantrao Sawant College of Engineering,Pune","S. No. 58, Indrayani Nagar, Handewadi Road, Hadapsar, Pune",Pune,www.jspm.edu.in,drmgjadhav@gmail.com,26970983,Gawade J.R.,26970886
"MIT Academy of Engineering,Alandi, Pune","Alandi (D) Tal. Khed, Dist. Pune",Pune,www.mitaoe.ac.in,principal@maepune.ac.in,30253600,Mr. Manoj N Bade,30253500
"MAEER's M.I.T. College of Engineering , Kothrud, Pune","S.No. 124, Ex. Serviceman Colony, MIT College Campus, Paud Road, Kothrud, Pune",Pune,www.mitcoe.edu.in,principal@mitcoe.edu.in,30273400,Mr. Yogesh B. Shedge,30273400
"Choudhary Attar Singh Yadav Memorial Trust,Siddhant College of Engineering, Maval","Chakan Talegaon Road, At Post Sudumbare, Tal. Maval Dist. Pune",Pune,www.siddhantcoe.edu.in,engineeringprincipal@gmail.com,661966,Miss Babar.D.R,661904
"Maharashtra Institute of Technology, Kothrud, Pune","Paud Road,Survey No. 124, Ex-Servicemen Colony Paud Road, Kothrud, Pune",Pune,www.mitpune.com,mit@mitpune.com,30273456,ABHAY BIRARI,30273400
"G.H.Raisoni College of Engineering & Management, Wagholi, Pune","Gat No. 1200 , Domkhel Road, Wagholi,Tal-Haveli, Dist. Pune",Pune,ghrcem.raisoni.net,ghrcem.pune@raisoni.net,9921580670,Mr. S. H. Karande,9921580670
"JSPM's Imperial College of Engineering and Research, Wagholi, Pune","Gat No. 720/2, Pune-Ahmadnagar Road, Wagholi, Tal- Haveli,  Dist. Pune",Pune,www.jspmicoer.edu.in,principal@jspmicoer.edu.in,67335102,Dr . A. W. Dhawale,67335100
"Pimpri Chinchwad Education Trust, Pimpri Chinchwad College of Engineering, Pune","Sector 26, Pradhikaran,  Nigdi Pradhikaran, Pune ",Pune,www.pccoepune.com,pccoeadmin@gmail.com,27653168,Mr. P. S. Patil,27653168
"G. H.Raisoni Institute of Engineering and Technology, Wagholi, Pune","Gat No.1200, Navin Wagholi, Tal. Haveli  Dist. Pune",Pune,ghriet.raisoni.net,r.kharadkar@raisoni.net,9604787185,Prof Hate Sudhir ,9604787186
"Sinhgad College of Engineering, Vadgaon (BK), Pune","44/1, Vadgaon,(bk) off Sinhgad Road Pune ",Pune,www.sinhgad.edu,principal.scoe@sinhgad.edu,24354705,V D Tayade,24100000
"Sinhgad Technical Education Society's Smt. Kashibai Navale College of Engineering,Vadgaon,Pune","S. No. 44/1, Vadgaon(bk) off Sinhgad Road, Pune",Pune,www.sinhgad.edu,principal.skncoe@sinhgad.edu,24354938,KAVITA SHIRISH BORGAVE,24354938
"Indira College of Engineering & Management, Pune","Survey No.64,65,Gat No.276, At Post Parandwadi, Near Somatne Phata, Tal- Maval Dist. Pune",Pune,www.indiraicem.ac.in,principal@indiraicem.ac.in,661500,Mr.Gajanan T. Adke,661500
"Al-Ameen Educational and Medical Foundation, College of Engineering, Koregaon, Bhima","Sharad Campus Pimpal, Jagtap Road A/P, Koregaon Bhima Tal-Shirur, Pune",Pune,www.alameencoe.com,alameenpune@gmail.com,646010,SHAIKH TANVEER SABIR,646015
"K. J.'s Educational Institut Trinity College of Engineering and Research, Pisoli, Haveli","S.No. 25/27, Pisoli, Tal.Haveli Dist. Pune",Pune,www.kjei.edu.in,trinitycoe@gmail.com,8446041199,Mr.Prashant Renushe,8446041199
"Sinhagad Institute of Technology, Lonavala","Gat No.309/310/314, Pune-Mumbai Express Highway, kasgaon(BK), Lonavala Pune , 410401",Pune,www.sinhgad.edu,principal_sit@sinhgad.edu,673353,D R RAUT,673356
"Sinhgad Academy of Engineering, Kondhwa (BK)  Kondhwa-Saswad Road, Pune","S.No.40/4A, Kondhwa(BK), Kondhwa-Saswad Road, Pune ",Pune,www.sinhgad.edu,saeprincipal@sinhagad.edu,26934550,S.N. Kamat,26934441
"Marathwada Mitra Mandal's Institute of Technology, Lohgaon, Pune","Survey No.35, Plot No. 5/6, Lohgaon Tal. Haveli Dist. Pune",Pune,www.mmit.edu.in,principal@mmit.edu.in,9049008003,Uday Wankhede,7447786623
"Pune District Education  Association's College of Engineering, Pune","Hadapsar-Manjari Road, Manjari(BK),Dist. Pune ",Pune,www.pdeacoem.org,coem@pdeapune.org,26996625,VAIDYA M C,26996275
"Dr. D. Y. Patil Vidya Pratishthan Society’s Dr. D. Y. Patil Institute of Technology, Pimpri, Pune","Sant Tukaram Nagar, Pimpri, Pune“",Pune,www.engg.dypvp.edu.in,info.engg@dypvp.edu.in,27421096,Mr. Babasaheb Powar (Office-Superintendent),27421095
"K. E. Society's Rajarambapu Institute of Technology, Walwa, Sangli","Rajaramnagar, A/p. Sakhrale, Tal: Walwa   Dist. Sangli ",Sangli,www.ritindia.edu,director@ritindia.edu,221001,Mrs. Sarika D. Patil ,220329
"Shri Vithal Education and Research Institute's College of Engineering, Pandharpur","P.O. Box No. 54, Gopalpur - Ranjani Road,   Gopalpur,  Pandharpur Dist. Solapur",Solapur,www.sveri.ac.in,coe@sveri.ac.in,9545553737,Mr. R. G. Zarkar ,7767003431
"Dattajirao Kadam Technical Education Society's Textile & Engineering Institute, Ichalkaranji.","Post Box No. 130, Rajwada, Ichalkaranji. Dist. Kolhapur",Kolhapur,www.dktes.com,dktestextile@gmail.com,2437311,Rajendra R Shah,2421300
"Pradnya Niketan Education Society's Nagesh Karajagi Orchid College of Engineering & Technology, Solapur","Post Box No.154,Gut No. 16, Hipparanga, Tuljapur Road, North Solapur ",Solapur,www.orchidengg.ac.in,office@orchidengg.ac.in,2500021,Mr. Shelke S. S.,2500020
"Dattajirao Kadam Technical Education Society's Textile & Engineering Institute, Ichalkaranji.","Post Box No. 130, Rajwada, Ichalkaranji. Dist. Kolhapur",Kolhapur,www.dktes.com,dkte@sancharnet.in,2437311,SHRI RAJENDRA R. SHAH,2421300
"Sinhgad Technical Education Society's Sinhgad Institute of Management ,Vadgaon(Budruk),Pune","S. No. 44/1, Opp Sinhagad Road, Vadgaon (Budruk), Pune 411041",Pune,www.sinhgad.edu,directormca_siom@sinhgad.edu,24100000,Mrs. Rupali Warokar,24358360
"Deccan Education Society's Technical Institute ,Pune","BMCC Road, Opposite to IMDR, Fergussons Campus, Pune",Pune,www.destip.org,principal@destip.org,67656282,Dr. Raviprakash H. Dongre,67656281
"Sinhgad Technical Education Society, Sinhgad Institute of Management & Computer Application, Narhe (Ambegaon), Pune","At Post Narhe, (Ambegaon), Off,Westerly by pass Pune- 411041",Pune,www.sinhgad.edu,director_mca_simca@sinhgad.edu,66831907,Manish Kasabekar,66831922
"D.Y. Patil College of Engineering and Technology, Kolhapur","Kasaba Bavada,Taluka Karveer,Kolhapur",Kolhapur,coek.dypgroup.edu.in,dypcet@sancharnet.in,2601433,Anil Pandurang Patil,2601432
"Maharashtra Academy of Engineering & Educational Research's Maharashtra Institute of Pharmacy, Pune","S.No.124, MIT Campus, Ex-servicemen Colony,  Paud Road, Kothrud, Pune ",Pune,www.mippune.edu.in,maeersmippune@gmail.com,30273673,Mr. L. T. Borade,30273653
"Walchand Institute of Technology, Solapur","Solapur Seth Walchand Hirachand Marg, Ashok Chowk, P.B. No.634, Solapur",Solapur,www.witsolapur.org,principal.witsolapur@gmail.com,2652700,K.S.Patil,2652700
"Shetkari Shikshan Mandal's Pad. Vasnatraodada Patil Institute of Technology, Budhgaon,(Diploma) Sangli","PVPIT), Budhgaon, Tasgaon Rd., Tal : Miraj ",Sangli,www.pvpitsangli.edu.in,0045principal@msbte.com,2366500,Mr. Ashok Raghunath Kale,2366317
"Kolhapur Institute of Technology's College of Engineering(Autonomous), Kolhapur","R.S. No. 199, B/1-3, Gokul_Shirgaon,Tal: Karveer Kolhapur , 416234",Kolhapur,www.kitcoek.in,info@kitcoek.in,2636202,Dr. M. M. Mujumdar,7769001199
"Tatyasaheb Kore Institute of Engineering and Technology, Warananagar","At & Post - Warananagar Taluka : Panhala Kolhapur , 416113",Kolhapur,www.tkietwarana.ac.in,principal@tkietwarana.ac.in,224012,Mr. D. S. Thombare,224012
"Rayat Shikshan Sanstha's Karmaveer Bhaurao Patil College of Engineering, Satara","Rayat Shikshan Sanstha's Karmaveer Bhaurao Patil College of Engineering, Near Circuit House, Sadar Bazar, Camp-Satara",Satara,www.kbpcoes.edu.in,registrar@kbpcoes.edu.in,233005,Mr. Ganesh Kisan Suravase,230636
"Pune Institute of Computer Technology, Dhankavdi, Pune","Sr.No. 27, Pune -Satara Road,Dhankavdi, Pune ",Pune,www.pict.edu,principal@pict.edu,24371101,Mr. M. G. Kshatriya,24371101
"Dr. D. Y. Patil Pratishthan's D.Y.Patil College of Engineering Akurdi, Pune","Sector-29,Nigdi Pradhikaran, Akurdi, Pune",Pune,www.dypcoeakurdi.ac.in,principal@dypcoeakurdi.ac.in,27653058,Dr. N. S. Jain,27653054
"Bansilal Ramnath Agarawal Charitable Trust's Vishwakarma Institute of Technology, Bibwewadi, Pune","666, Upper Indira Nagar, Bibwewadi, Pune",Pune,www.vit.edu,registrar@vit.edu,24202221,Prof. Mukund M. Kulkarni,24283001
"Pune Vidyarthi Griha's College of Engineering and Technology,  Pune","44, Vidyanagari, Parvati, Shivdarshan Chowk, Near Muktangan English School, Pune",Pune,www.pvgcoet.ac.in,info@pvgcoet.ac.in,24211514,HADAP MEENA PRASAD,24228258
"Shivnagar Vidya Prasarak Mandal's College of Engineering, Malegaon-Baramati","Malegaon BK, Tal: Baramati Dist. Pune",Pune,www.engg.svpm.org.in,coembk.office@gmail.com,255113,Phalke Rajaram Babasaheb,255113
"MKSSS's Cummins College of Engineering for Women, Karvenagar,Pune","Karvenagar, Pune",Pune,www.cumminscollege.org,administrator@cumminscollege.org,25311100,Smt. Revati Gore,25311000
"Dr. J. J. Magdum  Charitable Trust's Dr. J.J. Magdum College of Engineering, Jaysingpur","Gat no. 314/330, Shirol wadi road, Jaisingpur Dist. Kolhapur",Kolhapur,www.jjmcoe.ac.in,principal@jjmcoe.ac.in,221828,Shri S.B. Kolekar,221123
"All India Shri Shivaji Memorial Society's College of Engineering, Pune","Kennedy Road, Near R.T.O., Pune",Pune,www.aissmscoe.com,contact@aissmscoe.com,26059562,Mr A B Bhonsle,26058587
"Modern Education Society's College of Engineering, Pune","Wadia College Campus 19, Late Prin. V. K. Jog Path, Pune",Pune,www.mescoepune.org,principal@mescoepune.org,26169730,Mr S.S.Ingole,26163831
"Annasaheb Dange College of Engineering and Technology, Ashta, Sangli",At  Post : Ashta. Tal- Walwa Dist. Sangli ,Sangli,www.adcet.in,profrak@rediffmail.com,241115,Prof. S. B. Hivarekar,241107
"Vidya Pratishthan's Kamalnayan Bajaj Institute of Engineering & Technology, Baramati Dist.Pune"," Vidyanagari, Bhigwan Road, Baramati Dist. Pune ",Pune,www.vpkbiet.org,principal.vpkbiet@vidyapratishthan.com,239500,Mr. Satish H. Taware,239503
"Bharati Vidyapeeth's College of Engineering for Women, Katraj, Dhankawadi, Pune","Katraj,Dhankawadi campus, Pune-Satara Road, Pune ",Pune,coewpune.bharatividyapeeth.edu,coewpune@bharatividyapeeth.edu,24371684,Mr. Sathe Ashok Tukaram,24371684
"Bharati Vidyapeeth's College of Engineering, Kolhapur","Near Chitranagari, Kolhapur",Kolhapur,www.coekolhapur.bharatividyapeeth.edu,coekolhapur@bharatividyapeeth.edu,2639986,Mr. Kadam R. L.,2638894
"B.R.A.C.T's Vishwakarma Institute of Information Technology, Kondhwa (Bk.), Pune",Survey No.2/3/4 Kondhwa (Bk.) Pune,Pune,www.viit.ac.in,director@viit.ac.in,26950201,Mr. Mahesh S. Kurulekar ,26950200
"Kai Amdar  Bramhadevdada Mane Shikshan & Samajik Prathistan's Bramhadevdada Mane Institute of Technology, Solapur","Gat No.137, Solapur-Manglwedha-Kolhapur Highway,Taluka: North Solapur, Belati  Solapur",Solapur,www.bmitsolapur.org,bmit@bmssp.org,2283822,Mr Anand Siddharam Uppin,2283842
"Gourishankar Educational & Charitable Trust's Satara College of Engineering & Management, Limb, Satara","Survey No.989,/A-1,  & 990/ At. Posty. Limb Taluka & District : Satara",Satara,www.gourishankarengineering.org,scoem_sat@yahoo.com,268754,Nirmal Pawar,268754
"Loknete Hanumantrao Charitable Trust's Adarsh Institute of Technology and Research Centre, Vita,Sangli","Post Khamla(Bha.), Vita, Gat No.421,Tal- Khanapur Dist . Sangli",Sangli,www.agiv.edu.in,aitrc@agiv.edu.in,229021,Mr. A. D. Chavan,229021
"Dhole Patil Education Society, Dhole Patil College of Engineering, Wagholi, Tal. Haveli","1284, Ubale Nagar, Wagholi, Taluka Haveli Dist. Pune ",Pune,www.dpcoe.com,dpcoepune@gmail.com,66059900,Pankaj P. Amrutkar,66059900
"Shanti Education Society, A.G. Patil Institute of Technology, Soregaon, Solapur(North)","18(2 A/2) Pratap Nagar , Bijapur Road, Solapur",Solapur,www.agpit.edu.in,contact@agpit.edu.in,2343099, G N Kulkarni,2342499
"Nutan Maharashtra Vidya Prasarak Mandal, Nutan Maharashtra Institute of Engineering &Technology, Talegaon station, Pune","Vishnupuri Talegaon Station, Taluka Mavel, Dist. Pune",Pune,www.nmiet.edu.in,nmiettalegaon@gmail.com,231888,Vijay Shirke,231666
"Jayawant Shikshan Prasarak Mandal, Bhivarabai Sawant Institute of Technology & Research, Wagholi","Gut No. 720/1 & 2, Pune Nagar Road, Wagholi, Tal. Hawali Dist. Pune",Pune,www.bsiotr.org,pricipalbsiotr@gmail.com,67335108,Mr. Anuse Pritam Mahadev ,67335108
"Jaywant College of Engineering & Management, Kille Macchindragad Tal. Walva","GAT No 329/1, Kille Macchindragad, 
Tal. Walwa Dist. Sangli",Sangli,www.sspmjcem.com,contact@sspmjcem.com,8605480504,Mr. Pramod Pawar,266407
"Holy-Wood Academy's Sanjeevan Engineering and Technology Institute, Panhala","Sanjeevan Knowladge City, Somwarpeth (Injole), Panhala, Tal. Panhala. Dist. Kolhapur",Kolhapur,www.seti.edu.in,office@seti.edu.in,2686601,Shri. B. V. Kumbhar,2686600
"Sharad Institute of Technology College of Engineering, Yadrav(Ichalkaranji)","Gat No.525 & 473/A, Yadrav, Tal. Shirol, Dist: Kolhapur",Kolhapur,www.sitcoe.ac.in,contact@sitcoe.org.in,253016,Shinde D D,253001
"Abhinav Education Society's College of Engineering and Technology (Degree), Wadwadi","S. No 209, At Post - Wadwadi, Tal - Khandala, Dist - Satara",Satara,www.abhinavengg.org,abhinavengineering@yahoo.com,286109,Mrs.Yadhav Sunita A.,286109
"K.J.'s Educational Institute's K.J.College of Engineering & Management Research, Pisoli","Survey No. 25/27, Post Yevalewadi, Village Pisoli, Near Bopdev Ghat, Near Hotel Garwa, Tal. Haveli. Dist. Pune",Pune,www.kjei.edu.in,principalkjcoemr@gmail.com,65789009,SANDIP PRALHAD PANCHBHAI,26934417
"Vidya Vikas Pratishthan Institute of Engineering and Technology, Solapur","72/2 B, Pratap Nagar, Soregaon-Dongaon Road, Solapur",Solapur,www.vvpengineering.org,vvpiet@rediffmail.com,6054555,Mr. M. B. Patil,6452555
"Shree Gajanan Maharaj Shikshan Prasarak Manda'l Sharadchandra Pawar College of Engineering, Dumbarwadi","At Dumberwadi, Post Khamundi(Otur), Tal. Junnar Dist. Pune",Pune,www.spcoe.in,principalspoce09@gmail.com,239203,Benke Vishal Chandrakant,239202
"D. Y. Patil College of Engineering, Ambi, Talegaon, Maval","A/P Ambi, Talegaon, Maval, Dist.Pune",Pune,www.dyptc.com,ddypea@gmail.com,2114306,SHRI. Bhavanrao Gaikwad,306228
"Rajgad Dnyanpeeth's Technical Campus,Dhangwadi, Bhor","S.No. 237, Dhangwadi, Tal. Bhor. Dist.  Pune ",Pune,www.rajgad.edu.in,scscoe@gmail.com,282556,Mr. Goraknath D. Jagtap,282556
"Alard  Charitable Trust's Alard College of Engineering and Management, Pune","Sr. No. 50, Marunji, Tal-Mulshi, Nr. Rajiv Gandhi IT Park, Hinjewadi, Dist. Pune",Pune,www.alardinstitutes.com,info@alardinstitutes.com,66523700,Mr.B.B.Chavan,66523702
"Shri Pandurang Pratishtan, Karmayogi Engineering College, Shelve, Pandharpur
","G. No. 125, 124, A/P Shelve, Tal. Pandharpur. Dist. Solapur",Solapur,www.karmayogiengg.com,kecmailbox@rediffmail.com,250310,WALAKE G.D.,250301
"Sinhgad Technical Education Society's Sinhgad Institute of Pharmaceutical Sciences , Lonavala","S.No. 309/310, Kusgaon (Bk.), Off. Mumbai-Pune Expressway, Lonavala, Tal- Maval, Dist - Pune - 410401",Pune,www.sinhgad.edu,sips@sinhgad.edu,673322,Mr. Somnath B. Nalawade,673324
"Bharti Vidyaapeeth's Jawaharlal Nehru Institute of Technology, Pune","Pune Satara Road,  Dhanakawadi, Katraj Pune , 411043",Pune,www.bvjniot.bharatividyapeeth.edu,bvjniot@bharatividyapeeth.edu,24372434,--,24379467
"Poona District Education Association's, Institute of Technology,Hadpsar,Pune","A.M. COllege Campus, Mahadeo Nagar, Manjari Road, Hadapsar,Pune-411028",Pune,www.pdeaioth.in,iot@pdeapune.org,26990602,Rakhunde K N ,26992415
"Nutan College of Engineering and Research, Talegaon Dabhade Tal. Maval, Pune","Vishnupuri,Talegaon Dabhade(St.), Tal.Maval District. Pune ",Pune,www.ncerpune.com,ncerpune@gmail.com,228175,Mr.Samadhan Kumbhar,228175
"Bharati Vidyapeeth's Institute of Technology, Palus, Sangli","Atpost:Palus,Tal:Palus, Dist:Sangli 416310",Sangli,www.iotpalus.bharatividyapeeth.edu,mmsdeshmukh@rediffmail.com,228008,Mr. Kulkarni H.R,228585
"Shri Jain Vidya Prasarak Mandal's Rasiklal M. Dhariwal Institute of Technology, Chinchwadgaon, Pune","Shri Fattechand Marg Pune , 411033",Pune,www.rmdiot.com,rmdiot@gmail.com,98228894,Deshpande A A,27353516
"Sai Charitable Trust, Indira Institute Of Diploma Engineering(Poly), Sasure, Tal. Barshi","Flat No. 67, At Post Sasure ( Bairag )Solapur_Barshi Highway, Barshi, Solapur 413402",Solapur,www.iidepoly.in,ssctiide@gmail.com,240700,Mr.Shinde D.B.,240700
"Vidyavardhini Charitable Trust's Abhaysinhraje Bhonsle Institute of Technology, Shahunagar- Shendra, Satara","Gat No. 282, 290 & 291 Shendre Satara  415001",Satara,www.abitsatara.com,abitsatara@rediffmail.com,279661,MR. BHOSALE SOPAN SHIVAJI,279661
"Dinkarrao K. Shinde Smarak Trust, Dr. A.D. Shinde Institute Of Technology, Gadhinglaj","At Post-Bhadgaon, Taluka Gadhinglaj, Dist. Kolhapur  416502",Kolhapur,www.adshindeit.org,principal_dads@rediffmail.com,250457,Mr. S. M. Mhaldar,250656
"Sharad Institute of Technology Polytechnic, Yadrav( Ichalkaranji)","Jay-Sangli Naka, Yadrav-Ichalkaranji, Shirol, Kolhapur  416121",Kolhapur,www.sitpolytechnic.org,contact@sitpolytechnic.org,253053,Mr.Wasim Ibrahim Shaikh,253050
"Shriram Institute Of Engineering & Technology, (Poly), Paniv","Paniv, Taluka Malshiras, Dist. Solapur 413113",Solapur,www.sietpaniv.org,sietpoly@gmail.com,274211,Mr Chougule Nayankumar Babanrao,274055
"Loknete Ma.Hanumantrao Patil Charitable Trust, Adarsh Institute of Technology (Poly), Khambale","Gat No.421,At Post Khambale, Vita, Taluka Khanpur, Dist. Sangli  415311",Sangli,www.aitpolytechnic.org,aitp0991@rediffmail.com,9970832675,Mr.Shinde S.V,229191
"Shree Santkrupa Shikshan Sanstha, Shree Santkrupa Institute Of Engineering & Technology, Karad","Gat No.716,Ghogaon,(Shivajinagar),Tal.Karad Satara , 415111",Satara,www.sietghogaon.org,ssietdegree@gmail.com,223096,Shri Patil Santosh Vishrant,257309
"Swami Vivekananda Pratisthan, Swami Vivekananda Institute Of Technology,Khed, Solapur","Gat No.16/1,Solapur -Barshi Road,Khed,North  Solapur 413225",Solapur,www.svitsolapur.org,svp_sol@rediffmail.com,2911025,MR. SAMADHAN DAGADU WADANE,2911026
"Swami Vivekananda Shikshan Sanstha, Dr. Bapuji Salunkhe Institute Of Engineering & Technology,Kolhapur","2130, E Ward, Kolhapur  416003",Kolhapur,www.bsiet.org,bsieat@gmail.com,2658613,Mr. Amit Aba Awad,2658610
"Vivekanad Institute of Technology Padmbhushan Vasantdada Patil College of Architecture, Pune","Sr. No.274/2, 275/2,282, Aditya Nisarg, At Post Pirangut, Taluka Mulshi, District Pune",Pune,www.pvpcoapune.com,pvpcoapune@gmail.com,20291308,Santosh P.Patil,20291299
"Maharashtra State  Institute of Hotel Management & Catering Technology,Pune","412-C,K.M.Munshi Road, Shivaji Nagar Pune  411016",Pune,www.msihmctrs.in,msihmcttpo@gmail.com,25676640,GADE RAHUL ARUN,25676640
"Samarth Education Trust's Arvind Gavali College Of Engineering Panwalewadi, Varye,Satara.","Gat. No-247,A/P-Panwalewadi Post Varye,Tal-Satara 415015",Satara,www.agce.sets.edu.in,agcenggsatara@gmail.com,200100,Kanase N.U.,200100
"Suryadatta Educational Foundation, Suryadatta Institute of Business Management and Technology, Pune","Bldg No. 2, S.No.342, Patil Nagar, Bavdhan BK, Pune. 411030",Pune,www.sibmt.org,support@suryaydatta.edu.in,67901300,Mrs. Savita Matane,67901300
"College Of Engineering, Vairag Tal. Barshi","At/p- Sasure- Vairag On Solapur Barshi State HighWay Tal-Barshi Solapur , 413402",Solapur,www.coevairag.org,collegeofengineeringvairag@gmali.com,240700,Shinde D.B.,240700
"Institute of Technical Education, Research and Management, Akurdi","Sectro No.28, PCNTDA,  Akurdi, Pune  411044",Pune,www.pdeaitermakurdi.org,itermakurdi@gmail.com,27650276,Mrs Mohini V. kadam,27650788
"Shriram Institute Of Engineering And Technology Centre, Paniv","At/P-Paniv, Tal-Malshiras, Dist-Solapur 413113",Solapur,www.sietc.org,principalsietc@gmail.com,274222,CHANDANSHIVE DATTATRAY GANGADHAR,274044
"D. Y. Patil Institute of Engineering and Technology, Ambi","S.No. 124,126, At/Post Ambi, M.I.D.C. Road, Talegaon, Taluka-Maval, Dist Pune 410506",Pune,www.dyptc.com,ddypea@gmail.com,306229,SHRI. Bhavanrao GAIKWAD,306229
"Institute Of Knowledge-College Of Engineering, Pimpale - Jagtap","Pimpale - Jagtap , Tal. Shirur , District - Pune.  412208",Pune,www.iokcoe.ac.in,principal.iok@gmail.com,673333,Mr.awargand Vinod B,673304
"I.S.B.& M. School of Technology, Nande Village","Survey No.44/1, 44/1/2, Nande Village Taluka Mulshi , Pune  411042",Pune,www.isbmsot.org,isbm.engg@isbm.ac.in,25754618,Ankush H. Kusmude,25754676
"Universal College of Engineering & Research, Sasewadi","Gat No. 430, Sasewadi, Pune",Pune,www.ucoer.edu.in,preranap.pune@gmail.com,220000,Pravin D Dhotre,21132
"KJEI's Trinity Academy of Engineering, Yewalewadi, Pune","Svy.NO.25&27,At pisoli,Post Yevalewadi,Tal-Haveli,Bopdeo Ghat,Pune  411048",Pune,www.kjsedu.com,estb.pcoemr@gmail.com,69739009,Anil B.Chorge,8446091199
"S K N Sinhgad College of Engineering, Korti Tal. Pandharpur Dist Solapur","At Post Korti,Pandharpur - Karad road,  Tal-Pandharpur, Dist-Solapur",Solapur,www.spspm.org,principal@sknscoe.ac.in,250103,S. H. KARANDE,250146
"Ninaidevi Shikshan Prasarak Mandal,Shri. Shivajirao Deshmukh Institute of Technology, Shirala, Sangli ","Red Batish Shirala, Sangli   415408",Sangli,www.ssdit.org,principal.ssdit@gmail.com,285555,Mr.R.B.Patil,285556
"Dr. D. Y. Patil School OF Engineering, Lohegaon, Pune","Dr. D.Y. Patil Knowledge City, Charholi (Bk.), via Lohegaon, Pune",Pune,www.dypic.in,mankar.vidyanand@dypic.in,67077922,Mankar Vidyanand,67077922
"Sinhgad Technical Education Society's S.K.N. Sinhgad School of Business Management, Ambegaon, Tal. Haveli Dist. Pune","10/1, Ambegaon(Bu.), Tal- Haveli, Pune. 411041",Pune,www.sinhgad.edu,director_sknsbm@sinhgad.edu,24354036,Mr. Mahesh Shinde,24354036
"International Institute of Information Technology (I²IT), Pune.","P-14, Rajiv Gandhi Infotech Park, Hinjawadi, Pune  411057",Pune,www.isquareit.edu.in,principal@isquareit.edu.in,22934013,Mr. Dinesh Joje,22933441
"JSPM Narhe Technical Campus, Pune.","S.No.12/2/2, 14/9, Narhe, Pune 411041",Pune,jspmntc.edu.in,director.jspmntc@gmail.com,0,Mr. Nitin Jalindar Mukane,24608701
"Yashoda Technical Campus, Wadhe, Satara.","S.No.242/1, At post Wadhe,Tal.& Dist. Satara.  415011",Satara,www.yes.edu.in,principalengg_ytc@yes.edu.in,271240,Mr. Kishor Rajendrakumar Shinde,271239
"Sahyadri Valley College of Engineering & Technology, Rajuri, Pune.","A/P Rajuri, Taluka-Junnar, Dist-Pune. 412411",Pune,www.sahyadrivalleycollege.com,sahyadrivalleycollege@gmail.com,75680000,Mr.P.Balaramudu,97675800
"Shree Ramchandra College of Engineering, Lonikand,Pune","Gat No. 351 & 333/1 At post Lonikand, Taluka Haveli, Dist. Pune  412216",Pune,www.srespune.org,srcoepune@gmail.com,26659999,Mr. B. G. Chaudhari,26659999
Phaltan Education Society's College of Engineering Thakurki Tal- Phaltan Dist-Satara ,"Survey No.31(Part), Thakurki, Tal. Phaltan, Dist.Satara.  ",Satara,www.coephaltan.edu.in,coeprincipal@yahoo.co.in,220339,D. B. Gore,220339
"Suman Ramesh Tulsiani Technical Campus: Faculty of Engineering, Kamshet,Pune.","Kamshet, Taluka Maval, Dist. Pune 410405",Pune,www.srttc.ac.in,principal@srttc.ac.in,264106,Prof. Girish N. Matre,264101
"SKN Sinhgad Institute of Technology & Science, Kusgaon(BK),Pune.","Gat No.309, Kusgaon Budruk, Opp. Pune Mumbai Express Highway, Kusgaon, Lonavala, Pune.  410401",Pune,www.sinhgad.edu,principal.sknsits@sinhgad.edu,673225,Mr. Vijaykumar Kisan Gangthade,673391
"Flora Institute of Technology, Khopi, Near Khed Shivapur Toll Plaza, Pune","49/1, Khopi, Nr. Khed-Shivapur Toll Plaza, Off Pune-Banglore Highway, Taluka-Bhor,Dist.Pune , 412205",Pune,www.flora.ac.in,flora.education@gmail.com,203061,Rahul Padalkar,203060
"NBN Sinhgad Technical Institutes Campus, Pune","10/1, Ambegaon Budruk, Tal.Haveli, Dist.Pune. 411041",Pune,www.sinhgad.edu,nbnssoe@sinhgad.edu,24355041,MR SANTOSH D PATOLE,24355042
"D.Y.Patil Education Society's,D.Y.Patil Technical Campus, Faculty of Engineering & Faculty of Management,Talsande,Kolhapur.","G.No. 85, Talasande, Tal- Hatkangle, Kolhapur  416112",Kolhapur,www.dyptechnicalcampus.com,engg.dyptc@gmail.com,9545719599,Shri Bhagaje Prakash Mallappa,9545719599
"Bhagwant Institute of Technology, Barshi","Gat No. 1242/2, Tadsoundane Road, Barshi. Solapur.413401",Solapur,www.bitbarshi.edu.in,bitbarshi6781@gmail.com,220031,Budruk P.V.,220070
"Sahakar Maharshee Shankarrao Mohite Patil Institute of Technology & Research, Akluj","At Shankar Nagar, Akluj, Post Yashwant Nagar, Dist. Solapur",Solapur,www.smsmpitr.org,smpcht@gmail.com,223548,Ms. Magar Megha Abhaysingh,223548
"Dr. D. Y. Patil School of Engineering & Technology,  Charholi(Bk), Via Lohgaon, Pune","Dr. D Y Patil Knowledge City, Charholi(Bk), Via-Lohgaon,  Pune 412105",Pune,www.dypic.in,principalsoet@dypic.in,2067077931,Mr. Vidyanand Mankar,2067077931
"Dr. D. Y. Patil Educational Academy's, D.Y.Patil School of Engineering Academy, Ambi","S.No 124,126 At/Post Ambi, Talegaon Dhabade, Taluka-Maval, Dist Pune Talegaon Dabhade, Tal. Maval Dist. Pune 410506",Pune,www.dyptc.com,ddypea@gmail.com,306230,shri. B. S. Gaikwad,306230
"Shri.Someshwar Shikshan Prasarak Mandals, Someshwar Engineering College, Someshwar Nagar","Gat No. 53, Waghalwadi, Post Someshwar nagar, Tal. Baramati, Dist. Pune.",Pune,www.secsomeshwar.ac.in,ajay.deshmukh@rediffmail.com,283185,mr. Mohite S.R.,2112283
"Dnyanshree Institute Engineering and Technology, Satara","A/p Sonvadi-Gajvadi, Sajjangad Road, Tal Satara, Dist. Satara.",Satara,www.dnyanshree.edu.in,rwmct.satara@gmail.com,206566,Mr. Gosavi P.M.,206563
"Shivganga Charitable Trust, Sangli Vishveshwarya Technical Campus, Faculty of Diploma Engineering, Patgaon, Miraj","Patgaon, Miraj- Pandharpur Road, Miraj Dist.Sangli.",Sangli,www.shivgangavtc.org,shivgangavtc@gmail.com,2276203,Mr.A.B.Jamdade,2276202
"Dr. D.Y.Patil Institute of Engineering, Management & Reseach, Akurdi, Pune","Sector 29, PCNTDA, Pradhikaran, Akurdi, Pune",Pune,www.dypiemr.ac.in,principal.dypiemr@gmail.com,27654470,Mr.Y K Patil,27656566
"Sant Gajanan Maharaj College of Engineering, Gadhinglaj","Site Chinchewadi, Tal.GAdhinglaj, Dist. Kolhapur.",Kolhapur,www.sgmrh.com,sgmcoe@gmail.com,275581,Desai Rahul Shivajirao,275581
"Keystone School of Engineering, Pune","Sr.No.305/7, 306, 307/5 & 308/21 Urli Devachi, Pune",Pune,www.shalakafoundation.com/ www.keystoneschoolofengineering.com,prashantkasabe@gmail.com,64003200,Prashant Kasabe,64003400
"Shivganga Charitable Trust, Sangli Vishveshwarya Technical Campus, Faculty of Degree Engineering, Patgaon, Miraj","Patgaon, Miraj- Pandharpur Road, Miraj Dist.Sangli.",Sangli,www.shivgangavtc.org,shivgangavtc@gmail.com,2276203,Mr.A.B.Jamdade,2276202
"Vidya Prasarini Sabha's College of Engineering & Technology, Lonavala","Gat No. 685, Mouje-Waksai, Tah- Maval, Dist Pune.",Pune,www.vpscet.com,vpscet@gmail.com,246002,Deepak. D. Gosavi,246002
"Shri Chimasaheb jagdale Institute of Technology, Narsobawadi, Tal.Shirol, Kolhapur","ATPOST NARSOBAWADI TAL. SHIROL, Dist KOLHAPUR",Kolhapur,www.scjit.ac.in,scjiot@gmail.com,270571,MR.SANJAY N.RAJPUT,270571
"Pimpri Chinchwad Education Trust's Pimpri Chinchwad College Of Engineering And Research, Ravet","Survey No.10, Laxmi Nagar, Ravet Plot No. B of 110(z), 110(s), Haveli, Pune
",Pune,www.pccoer.com,pccoer.ravet@gmail.com,7744898844,Mr. Prakash Yeole,8237238080
"Dr.D.Y.Patil College Of Engineering & Innovation,Talegaon","Sr.No.27/A/1/2k, Near Talegaon Railway Station, A/P Varale, Talegaon, Tal-Maval,Dist Pune",Pune,www.dypatilef.com,principal@dypatilef.com,2114667928,Vishal Padawale 9665441599,2114667928
"Dr. D Y Patil Pratishthan's College of Engineering, Kolhapur","R.S.No.865, A-Ward Salunke Nagar, Kolhapur",Kolhapur,coes.dypgroup.edu.in,dype472.ec@unishivaji.ac.in,9823152996,Mr. Ashish V. Udale,2320914
"Army Institute of Technology, Pune","Pune-Alandi Road, Dighi Hills, Pune ",Pune,www.aitpune.com,ait@aitune.edu.in,7249250185,R. P. Ambike,7249250184
